cluster_1	cluster_2	Jaccard	Overlap
out.5.8_1	out.5.3_1	0.9998904199654823	1.0
out.5.8_2	out.5.3_2	0.9998850937921921	0.9999712709721903
out.5.8_3	out.5.3_3	0.9999135596150521	1.0
out.5.8_4	out.5.3_4	0.9999398731323091	1.0
out.5.8_5	out.5.3_5	0.9995209845609639	1.0
out.5.8_6	out.5.3_6	1.0	1.0
out.5.8_7	out.5.3_7	0.9931926898074328	0.9998147919496234
out.5.8_8	out.5.3_8	0.999753106740186	1.0
out.5.8_9	out.5.3_9	0.9998301774645495	0.9999150815217391
out.5.8_10	out.5.3_10	0.9999096086052608	1.0
out.5.8_11	out.5.3_11	1.0	1.0
out.5.8_12	out.5.3_12	1.0	1.0
out.5.8_13	out.5.3_13	0.9895833333333334	1.0
out.5.8_14	out.5.3_14	1.0	1.0
out.5.8_15	out.5.3_15	1.0	1.0
out.5.8_16	out.5.3_16	1.0	1.0
out.5.8_17	out.5.3_17	0.9918032786885246	1.0
out.5.8_18	out.5.3_7	0.00650187082132123	1.0
out.5.8_19	out.5.3_18	1.0	1.0
out.5.8_20	out.5.3_19	0.9753086419753086	1.0
out.5.8_21	out.5.3_20	0.9787234042553191	1.0
out.5.8_22	out.5.3_21	1.0	1.0
out.5.8_23	out.5.3_23	0.9487179487179487	1.0
out.5.8_24	out.5.3_22	1.0	1.0
out.5.8_25	out.5.3_24	1.0	1.0
out.5.8_26	out.5.3_25	0.9615384615384616	1.0
out.5.8_27	out.5.3_26	1.0	1.0
out.5.8_28	out.5.3_27	1.0	1.0
out.5.8_29	out.5.3_5	0.0004421680975717602	1.0
out.5.8_30	out.5.3_28	0.9166666666666666	1.0
out.5.8_31	out.5.3_29	1.0	1.0
out.5.8_32	out.5.3_30	1.0	1.0
out.5.8_33	out.5.3_31	1.0	1.0
out.5.8_34	out.5.3_32	1.0	1.0
out.5.8_35	out.5.3_33	1.0	1.0
out.5.8_36	out.5.3_34	1.0	1.0
out.5.8_37	out.5.3_35	1.0	1.0
out.5.8_38	out.5.3_36	1.0	1.0
out.5.8_39	out.5.3_37	1.0	1.0
out.5.8_40	out.5.3_38	1.0	1.0
out.5.8_41	out.5.3_7	6.133840397472858e-05	1.0
out.5.8_42	out.5.3_39	1.0	1.0
out.5.8_43	out.5.3_40	1.0	1.0
out.5.8_1	out.1.3_1	0.9833252518722052	1.0
out.5.8_2	out.1.3_2	0.9906068541500627	0.9998276258331418
out.5.8_3	out.1.3_3	0.9910329268640946	1.0
out.5.8_4	out.1.3_4	0.995089085192394	0.9990980427527735
out.5.8_5	out.1.3_5	0.9945361202786945	0.9998156749981567
out.5.8_6	out.1.3_6	0.9986640254295849	0.9994928304670571
out.5.8_7	out.1.3_7	0.9910467897222052	0.9977157673786887
out.5.8_8	out.1.3_8	0.9903791275988585	0.9999176819229503
out.5.8_9	out.1.3_9	0.9903756859434361	0.9961786684782609
out.5.8_10	out.1.3_10	0.9965672990063233	0.9993658845909955
out.5.8_11	out.1.3_11	0.9953308166103716	0.9998004191198483
out.5.8_12	out.1.3_12	0.9966520192508893	1.0
out.5.8_13	out.1.3_1	0.009339254474498722	0.9131578947368421
out.5.8_14	out.1.3_3	0.006273525721455458	0.8118081180811808
out.5.8_15	out.1.3_1	0.005301114041224907	0.8312236286919831
out.5.8_16	out.1.3_5	0.004104969945755754	0.8549618320610687
out.5.8_17	out.1.3_2	0.003159063095881834	0.9098360655737705
out.5.8_18	out.1.3_7	0.00472421620958341	0.7264150943396226
out.5.8_19	out.1.3_2	0.0020205469706024645	0.8452380952380952
out.5.8_20	out.1.3_2	0.001849638609071766	0.8024691358024691
out.5.8_21	out.1.3_8	0.002034836399153508	0.5319148936170213
out.5.8_22	out.1.3_8	0.0022797589969060414	0.6086956521739131
out.5.8_23	out.1.3_7	0.0017197960813217861	0.717948717948718
out.5.8_24	out.1.3_11	0.0031777557100297915	0.8421052631578947
out.5.8_25	out.1.3_9	0.0018636171113934773	0.8148148148148148
out.5.8_27	out.1.3_4	0.00047944384513963804	0.6956521739130435
out.5.8_28	out.1.3_2	0.0004554382169593806	0.7619047619047619
out.5.8_29	out.1.3_5	0.00040343284676886966	0.9166666666666666
out.5.8_31	out.1.3_2	0.00019928258270227183	1.0
out.5.8_32	out.1.3_1	0.0001885674263240127	1.0
out.5.8_33	out.1.3_3	8.56677803478112e-05	0.6
out.5.8_34	out.1.3_2	0.00014234470193019415	1.0
out.5.8_35	out.1.3_7	0.00018436578171091445	0.6
out.5.8_36	out.1.3_5	0.00011003117549972492	1.0
out.5.8_37	out.1.3_12	0.0006277463904582549	1.0
out.5.8_38	out.1.3_11	0.0002980922098569157	1.0
out.5.8_39	out.1.3_4	5.9943054098606324e-05	1.0
out.5.8_40	out.1.3_12	0.0004184975936388366	1.0
out.5.8_41	out.1.3_7	6.146281499692685e-05	1.0
out.5.8_42	out.1.3_10	9.058791557206268e-05	1.0
out.5.8_43	out.1.3_8	8.153946510110893e-05	1.0
out.5.8_1	out.1.8_1	0.9825576700492584	1.0
out.5.8_2	out.1.8_2	0.9903249672756246	0.9998276258331418
out.5.8_3	out.1.8_3	0.9906085864352592	1.0
out.5.8_4	out.1.8_4	0.9957462105326224	0.9993686299269414
out.5.8_5	out.1.8_5	0.9945365209738927	0.999889404998894
out.5.8_6	out.1.8_6	0.9990324809951624	0.9997694683941168
out.5.8_7	out.1.8_7	0.9912307597964064	0.9979009754290653
out.5.8_8	out.1.8_8	0.993782213859118	0.9999176819229503
out.5.8_9	out.1.8_9	0.992222504015555	0.996688179347826
out.5.8_10	out.1.8_10	0.9965672990063233	0.9993658845909955
out.5.8_11	out.1.8_11	0.9953308166103716	0.9998004191198483
out.5.8_12	out.1.8_12	0.9985324947589098	1.0
out.5.8_13	out.1.8_1	0.009522016300400785	0.9315789473684211
out.5.8_14	out.1.8_3	0.006328211852569767	0.8191881918819188
out.5.8_15	out.1.8_1	0.005486230636833046	0.8607594936708861
out.5.8_16	out.1.8_5	0.004141166123062264	0.8625954198473282
out.5.8_17	out.1.8_2	0.0031867068798725317	0.9180327868852459
out.5.8_18	out.1.8_7	0.004723346828609987	0.7264150943396226
out.5.8_19	out.1.8_2	0.0020769909238341822	0.8690476190476191
out.5.8_20	out.1.8_2	0.0018776137236493984	0.8148148148148148
out.5.8_21	out.1.8_1	0.0009417969485778867	0.7446808510638298
out.5.8_22	out.1.8_3	0.0011701915118303508	0.8913043478260869
out.5.8_23	out.1.8_7	0.0017194792434291329	0.717948717948718
out.5.8_24	out.1.8_11	0.0032773860363491908	0.868421052631579
out.5.8_25	out.1.8_9	0.0018651971174226368	0.8148148148148148
out.5.8_26	out.1.8_2	0.0005691195720220818	0.7692307692307693
out.5.8_27	out.1.8_4	0.00041953850764159424	0.6086956521739131
out.5.8_28	out.1.8_2	0.00045530861386983867	0.7619047619047619
out.5.8_29	out.1.8_5	0.00044006014155267885	1.0
out.5.8_31	out.1.8_2	0.00019922586520947178	1.0
out.5.8_32	out.1.8_1	0.0001884202309493688	1.0
out.5.8_33	out.1.8_3	0.00011417806068563926	0.8
out.5.8_34	out.1.8_2	0.000142304189435337	1.0
out.5.8_35	out.1.8_7	0.00018433179723502304	0.6
out.5.8_36	out.1.8_5	0.00011001503538816971	1.0
out.5.8_37	out.1.8_1	8.075152754972949e-05	1.0
out.5.8_38	out.1.8_11	0.0002980922098569157	1.0
out.5.8_39	out.1.8_4	5.995024129972123e-05	1.0
out.5.8_40	out.1.8_12	0.0004192872117400419	1.0
out.5.8_41	out.1.8_7	6.145148405333988e-05	1.0
out.5.8_42	out.1.8_10	9.058791557206268e-05	1.0
out.5.8_43	out.1.8_8	8.181966944853542e-05	1.0
out.5.8_1	out.2.3_1	0.997322184878542	0.9998904199654823
out.5.8_2	out.2.3_2	0.990268609150922	0.9998276258331418
out.5.8_3	out.2.3_3	0.9983601841196778	1.0
out.5.8_4	out.2.3_4	0.9980186130291204	0.9994888908932383
out.5.8_5	out.2.3_5	0.9948650234741784	0.9999262699992627
out.5.8_6	out.2.3_6	0.9991245853298931	0.9998155747152935
out.5.8_7	out.2.3_7	0.9912931510209086	0.9980861834794419
out.5.8_8	out.2.3_8	0.9954925422061957	0.9999176819229503
out.5.8_9	out.2.3_9	0.9950016943409014	0.9976216767179139
out.5.8_10	out.2.3_10	0.9975609756097561	0.9993665158371041
out.5.8_11	out.2.3_11	0.9953308166103716	0.9998004191198483
out.5.8_12	out.2.3_12	0.999160897839312	1.0
out.5.8_13	out.2.3_13	0.9869791666666666	0.9973684210526316
out.5.8_14	out.2.3_14	0.977859778597786	1.0
out.5.8_15	out.2.3_15	0.9451476793248945	1.0
out.5.8_16	out.2.3_5	0.004252667082157129	0.8854961832061069
out.5.8_17	out.2.3_2	0.00321506814237346	0.9262295081967213
out.5.8_18	out.2.3_7	0.004783515270452594	0.7358490566037735
out.5.8_19	out.2.3_2	0.002105382952088312	0.8809523809523809
out.5.8_20	out.2.3_2	0.0019345111092145316	0.8395061728395061
out.5.8_21	out.2.3_1	0.001065544657249802	0.8297872340425532
out.5.8_22	out.2.3_16	0.6739130434782609	1.0
out.5.8_23	out.2.3_7	0.001780451866404715	0.7435897435897436
out.5.8_24	out.2.3_11	0.0032773860363491908	0.868421052631579
out.5.8_25	out.2.3_17	0.7407407407407407	1.0
out.5.8_26	out.2.3_2	0.0005975585465099735	0.8076923076923077
out.5.8_27	out.2.3_4	0.000600672753483902	0.8695652173913043
out.5.8_28	out.2.3_2	0.00048375163621876955	0.8095238095238095
out.5.8_29	out.2.3_5	0.00044017313476634145	1.0
out.5.8_31	out.2.3_2	0.00019921452558483693	1.0
out.5.8_32	out.2.3_1	0.00019129341677369987	1.0
out.5.8_33	out.2.3_3	0.00011507148816202065	0.8
out.5.8_34	out.2.3_2	0.00014229608970345496	1.0
out.5.8_35	out.2.3_7	0.00018427518427518427	0.6
out.5.8_36	out.2.3_5	0.00011004328369158536	1.0
out.5.8_37	out.2.3_18	1.0	1.0
out.5.8_38	out.2.3_11	0.0002980922098569157	1.0
out.5.8_39	out.2.3_4	6.007268795242243e-05	1.0
out.5.8_40	out.2.3_19	1.0	1.0
out.5.8_41	out.2.3_7	6.143260842855388e-05	1.0
out.5.8_42	out.2.3_10	9.049773755656108e-05	1.0
out.5.8_43	out.2.3_8	8.196049504139005e-05	1.0
out.5.8_1	out.2.8_1	0.9986318612160018	0.999808234939594
out.5.8_2	out.2.8_2	0.9945986110714183	0.9998276258331418
out.5.8_3	out.2.8_3	0.9988199401335482	1.0
out.5.8_4	out.2.8_4	0.9991585779968146	0.9996392171011094
out.5.8_5	out.2.8_5	0.9948652118100129	0.9999631349996313
out.5.8_6	out.2.8_6	0.9994930174678527	0.9998616810364701
out.5.8_7	out.2.8_7	0.9930009823182712	0.9985183355969873
out.5.8_8	out.2.8_8	0.9973725264800065	0.9999176819229503
out.5.8_9	out.2.8_9	0.9967788420784945	0.9985563858695652
out.5.8_10	out.2.8_10	0.9976517341040463	0.9991858887381275
out.5.8_11	out.2.8_11	0.9955286168521462	0.9998004191198483
out.5.8_12	out.2.8_12	0.9993705413344524	1.0
out.5.8_13	out.2.8_13	0.9819121447028424	1.0
out.5.8_14	out.2.8_14	1.0	1.0
out.5.8_15	out.2.8_15	0.9915611814345991	1.0
out.5.8_16	out.2.8_5	0.004325988928401217	0.9007633587786259
out.5.8_17	out.2.8_2	0.0032864654778235027	0.9426229508196722
out.5.8_18	out.2.8_7	0.004972680950334582	0.7641509433962265
out.5.8_19	out.2.8_17	0.8333333333333334	1.0
out.5.8_20	out.2.8_16	0.8888888888888888	1.0
out.5.8_21	out.2.8_18	0.8085106382978723	1.0
out.5.8_22	out.2.8_19	0.7608695652173914	1.0
out.5.8_23	out.2.8_20	0.6666666666666666	1.0
out.5.8_24	out.2.8_11	0.003477396920019871	0.9210526315789473
out.5.8_25	out.2.8_21	0.8148148148148148	1.0
out.5.8_26	out.2.8_23	0.6538461538461539	1.0
out.5.8_27	out.2.8_22	0.782608695652174	1.0
out.5.8_28	out.2.8_2	0.0005430588504301598	0.9047619047619048
out.5.8_29	out.2.8_5	0.00044014084507042255	1.0
out.5.8_30	out.2.8_10	0.0007233927118184284	0.6666666666666666
out.5.8_31	out.2.8_2	0.00020008575103615836	1.0
out.5.8_32	out.2.8_24	1.0	1.0
out.5.8_33	out.2.8_3	0.00014390973981119043	1.0
out.5.8_34	out.2.8_25	1.0	1.0
out.5.8_35	out.2.8_7	0.00018443378827001107	0.6
out.5.8_36	out.2.8_5	0.00011003521126760564	1.0
out.5.8_37	out.2.8_26	1.0	1.0
out.5.8_38	out.2.8_27	1.0	1.0
out.5.8_39	out.2.8_4	6.012325266796934e-05	1.0
out.5.8_40	out.2.8_28	1.0	1.0
out.5.8_41	out.2.8_7	6.148548942449582e-05	1.0
out.5.8_42	out.2.8_10	9.045680687471733e-05	1.0
out.5.8_43	out.2.8_8	8.211528986697323e-05	1.0
out.5.8_1	out.3.3_1	0.9990145625752764	0.999808234939594
out.5.8_2	out.3.3_2	0.9952243415596671	0.9998276258331418
out.5.8_3	out.3.3_3	0.999136268102381	1.0
out.5.8_4	out.3.3_4	0.9993087696099057	0.9996993475842578
out.5.8_5	out.3.3_5	0.9948285347515129	0.9999262699992627
out.5.8_6	out.3.3_6	0.9995851578704771	0.9998616810364701
out.5.8_7	out.3.3_7	0.9928799410753744	0.9986418076305716
out.5.8_8	out.3.3_8	0.9981102620984307	1.0
out.5.8_9	out.3.3_9	0.9977105062325108	0.9991508152173914
out.5.8_10	out.3.3_10	0.9986443741527339	0.9998190372783207
out.5.8_11	out.3.3_11	0.9954297069051168	0.9998004191198483
out.5.8_12	out.3.3_12	0.9993705413344524	1.0
out.5.8_13	out.3.3_13	0.9819121447028424	1.0
out.5.8_14	out.3.3_14	1.0	1.0
out.5.8_15	out.3.3_15	1.0	1.0
out.5.8_16	out.3.3_5	0.004399794676248442	0.916030534351145
out.5.8_17	out.3.3_2	0.0033746103468985044	0.9672131147540983
out.5.8_18	out.3.3_7	0.00546448087431694	0.839622641509434
out.5.8_19	out.3.3_16	0.9523809523809523	1.0
out.5.8_20	out.3.3_17	0.9135802469135802	1.0
out.5.8_21	out.3.3_18	0.8297872340425532	1.0
out.5.8_22	out.3.3_19	0.8478260869565217	1.0
out.5.8_23	out.3.3_20	0.717948717948718	1.0
out.5.8_24	out.3.3_11	0.003676470588235294	0.9736842105263158
out.5.8_25	out.3.3_21	0.8148148148148148	1.0
out.5.8_26	out.3.3_22	0.8076923076923077	1.0
out.5.8_27	out.3.3_24	0.782608695652174	1.0
out.5.8_28	out.3.3_23	0.9047619047619048	1.0
out.5.8_29	out.3.3_5	0.000440156989326193	1.0
out.5.8_30	out.3.3_2	0.0003146093124356481	0.9166666666666666
out.5.8_31	out.3.3_2	0.00020021165231816492	1.0
out.5.8_32	out.3.3_25	1.0	1.0
out.5.8_33	out.3.3_27	0.8	1.0
out.5.8_34	out.3.3_26	1.0	1.0
out.5.8_35	out.3.3_30	0.6	1.0
out.5.8_36	out.3.3_5	0.00011003924733154825	1.0
out.5.8_37	out.3.3_28	1.0	1.0
out.5.8_38	out.3.3_29	1.0	1.0
out.5.8_39	out.3.3_4	6.012506012506013e-05	1.0
out.5.8_40	out.3.3_31	1.0	1.0
out.5.8_41	out.3.3_7	6.146281499692685e-05	1.0
out.5.8_42	out.3.3_10	9.048136083966703e-05	1.0
out.5.8_43	out.3.3_8	8.216251745953496e-05	1.0
out.5.8_1	out.3.8_1	0.9993154623367377	0.999808234939594
out.5.8_2	out.3.8_2	0.9991100904262954	0.9998850838887612
out.5.8_3	out.3.8_3	0.9994527964978975	1.0
out.5.8_4	out.3.8_4	0.9995791751833594	0.9997895433089805
out.5.8_5	out.3.8_5	0.9947922397036711	0.9999631349996313
out.5.8_6	out.3.8_6	0.9996773301373651	0.9999077873576467
out.5.8_7	out.3.8_7	0.9930044182621502	0.9990122237313248
out.5.8_8	out.3.8_8	0.9986846432094706	1.0
out.5.8_9	out.3.8_9	0.998473023413641	0.9994904891304348
out.5.8_10	out.3.8_10	0.9990056946578686	1.0
out.5.8_11	out.3.8_11	0.9992022337455125	0.9999002095599242
out.5.8_12	out.3.8_12	0.9995802728226653	1.0
out.5.8_13	out.3.8_13	0.9819121447028424	1.0
out.5.8_14	out.3.8_14	1.0	1.0
out.5.8_15	out.3.8_15	1.0	1.0
out.5.8_16	out.3.8_5	0.004472960586617782	0.9312977099236641
out.5.8_17	out.3.8_16	0.9344262295081968	1.0
out.5.8_18	out.3.8_7	0.0058314406727641025	0.8962264150943396
out.5.8_19	out.3.8_17	0.9642857142857143	1.0
out.5.8_20	out.3.8_18	0.9506172839506173	1.0
out.5.8_21	out.3.8_20	0.8297872340425532	1.0
out.5.8_22	out.3.8_19	0.9565217391304348	1.0
out.5.8_23	out.3.8_22	0.7692307692307693	1.0
out.5.8_24	out.3.8_21	0.9473684210526315	1.0
out.5.8_25	out.3.8_24	0.8518518518518519	1.0
out.5.8_26	out.3.8_23	0.9230769230769231	1.0
out.5.8_27	out.3.8_25	0.9565217391304348	1.0
out.5.8_28	out.3.8_26	0.9047619047619048	1.0
out.5.8_29	out.3.8_5	0.00044010856011149417	1.0
out.5.8_30	out.3.8_27	0.6666666666666666	1.0
out.5.8_31	out.3.8_28	1.0	1.0
out.5.8_32	out.3.8_29	1.0	1.0
out.5.8_33	out.3.8_31	0.8	1.0
out.5.8_34	out.3.8_30	1.0	1.0
out.5.8_35	out.3.8_32	0.8	1.0
out.5.8_36	out.3.8_5	0.00011002714002787354	1.0
out.5.8_37	out.3.8_33	1.0	1.0
out.5.8_38	out.3.8_34	1.0	1.0
out.5.8_39	out.3.8_35	1.0	1.0
out.5.8_40	out.3.8_36	1.0	1.0
out.5.8_41	out.3.8_7	6.142506142506142e-05	1.0
out.5.8_42	out.3.8_37	1.0	1.0
out.5.8_43	out.3.8_38	1.0	1.0
out.5.8_1	out.4.3_1	0.9993428258488499	0.999808234939594
out.5.8_2	out.4.3_2	0.9994544305978292	0.9999712709721903
out.5.8_3	out.4.3_3	0.9996255328954948	1.0
out.5.8_4	out.4.3_4	0.9997895686156621	0.9999098042752773
out.5.8_5	out.4.3_5	0.994792430687986	1.0
out.5.8_6	out.4.3_6	0.9998156002212797	0.9999538936788234
out.5.8_7	out.4.3_7	0.993433971526755	0.9994443758488702
out.5.8_8	out.4.3_8	0.9991774962987333	1.0
out.5.8_9	out.4.3_9	0.9989815836374438	0.9995754076086957
out.5.8_10	out.4.3_10	0.9993672602368254	1.0
out.5.8_11	out.4.3_11	0.9994015559545183	0.9999002095599242
out.5.8_12	out.4.3_12	0.9997900923593619	1.0
out.5.8_13	out.4.3_13	0.9819121447028424	1.0
out.5.8_14	out.4.3_14	1.0	1.0
out.5.8_15	out.4.3_15	1.0	1.0
out.5.8_16	out.4.3_5	0.00465679084775594	0.9694656488549618
out.5.8_17	out.4.3_16	0.9426229508196722	1.0
out.5.8_18	out.4.3_7	0.005890654721727925	0.9056603773584906
out.5.8_19	out.4.3_17	0.9761904761904762	1.0
out.5.8_20	out.4.3_18	0.9753086419753086	1.0
out.5.8_21	out.4.3_20	0.8297872340425532	1.0
out.5.8_22	out.4.3_19	0.9565217391304348	1.0
out.5.8_23	out.4.3_22	0.7948717948717948	1.0
out.5.8_24	out.4.3_21	0.9736842105263158	1.0
out.5.8_25	out.4.3_24	0.8888888888888888	1.0
out.5.8_26	out.4.3_23	0.9230769230769231	1.0
out.5.8_27	out.4.3_25	1.0	1.0
out.5.8_28	out.4.3_26	0.9047619047619048	1.0
out.5.8_29	out.4.3_5	0.000440076279888514	1.0
out.5.8_30	out.4.3_27	0.8333333333333334	1.0
out.5.8_31	out.4.3_28	1.0	1.0
out.5.8_32	out.4.3_29	1.0	1.0
out.5.8_33	out.4.3_31	0.8	1.0
out.5.8_34	out.4.3_30	1.0	1.0
out.5.8_35	out.4.3_32	0.8	1.0
out.5.8_36	out.4.3_33	1.0	1.0
out.5.8_37	out.4.3_34	1.0	1.0
out.5.8_38	out.4.3_35	1.0	1.0
out.5.8_39	out.4.3_36	1.0	1.0
out.5.8_40	out.4.3_37	1.0	1.0
out.5.8_41	out.4.3_7	6.13986615091791e-05	1.0
out.5.8_42	out.4.3_38	1.0	1.0
out.5.8_43	out.4.3_39	1.0	1.0
out.5.8_1	out.4.8_1	0.999671322925226	0.9998630249568529
out.5.8_2	out.4.8_2	0.9997702139882235	0.9999712709721903
out.5.8_3	out.4.8_3	0.9997119234868781	1.0
out.5.8_4	out.4.8_4	0.9998496918683301	0.9999699347584258
out.5.8_5	out.4.8_5	0.9993736875069078	1.0
out.5.8_6	out.4.8_6	0.9999538936788234	1.0
out.5.8_7	out.4.8_7	0.9933132936629655	0.9996295838992468
out.5.8_8	out.4.8_8	0.9995063353628435	1.0
out.5.8_9	out.4.8_9	0.99957547970793	0.9998301486199576
out.5.8_10	out.4.8_10	0.9995480430263038	1.0
out.5.8_11	out.4.8_11	0.9996009577015164	0.9999002095599242
out.5.8_12	out.4.8_12	0.9997900923593619	1.0
out.5.8_13	out.4.8_13	0.987012987012987	1.0
out.5.8_14	out.4.8_14	1.0	1.0
out.5.8_15	out.4.8_15	1.0	1.0
out.5.8_16	out.4.8_16	0.9847328244274809	1.0
out.5.8_17	out.4.8_17	0.9836065573770492	1.0
out.5.8_18	out.4.8_7	0.006196319018404908	0.9528301886792453
out.5.8_19	out.4.8_18	0.9761904761904762	1.0
out.5.8_20	out.4.8_19	0.9753086419753086	1.0
out.5.8_21	out.4.8_21	0.9148936170212766	1.0
out.5.8_22	out.4.8_20	0.9565217391304348	1.0
out.5.8_23	out.4.8_23	0.8974358974358975	1.0
out.5.8_24	out.4.8_22	0.9736842105263158	1.0
out.5.8_25	out.4.8_24	0.9629629629629629	1.0
out.5.8_26	out.4.8_25	0.9615384615384616	1.0
out.5.8_27	out.4.8_26	1.0	1.0
out.5.8_28	out.4.8_27	1.0	1.0
out.5.8_29	out.4.8_5	0.00044210293630033527	1.0
out.5.8_30	out.4.8_28	0.8333333333333334	1.0
out.5.8_31	out.4.8_29	1.0	1.0
out.5.8_32	out.4.8_30	1.0	1.0
out.5.8_33	out.4.8_31	1.0	1.0
out.5.8_34	out.4.8_32	1.0	1.0
out.5.8_35	out.4.8_33	1.0	1.0
out.5.8_36	out.4.8_34	1.0	1.0
out.5.8_37	out.4.8_35	1.0	1.0
out.5.8_38	out.4.8_36	1.0	1.0
out.5.8_39	out.4.8_37	1.0	1.0
out.5.8_40	out.4.8_38	1.0	1.0
out.5.8_41	out.4.8_7	6.13685179502915e-05	1.0
out.5.8_42	out.4.8_39	1.0	1.0
out.5.8_43	out.4.8_40	1.0	1.0
out.5.3_1	out.1.3_1	0.9832174990571628	1.0
out.5.3_2	out.1.3_2	0.9907204463294527	0.9998563631140477
out.5.3_3	out.1.3_3	0.9911185995373676	1.0
out.5.3_4	out.1.3_4	0.9951489743973648	0.9990980969846376
out.5.3_5	out.1.3_5	0.9949396795130359	0.9997789159512142
out.5.3_6	out.1.3_6	0.9986640254295849	0.9994928304670571
out.5.3_7	out.1.3_7	0.9943060062450254	0.9981561155500922
out.5.3_8	out.1.3_8	0.990623726049735	0.9999177022467287
out.5.3_9	out.1.3_9	0.9905437352245863	0.9962635869565217
out.5.3_10	out.1.3_10	0.9966573312855723	0.9993658845909955
out.5.3_11	out.1.3_11	0.9953308166103716	0.9998004191198483
out.5.3_12	out.1.3_12	0.9966520192508893	1.0
out.5.3_13	out.1.3_1	0.00944691158659669	0.9140625
out.5.3_14	out.1.3_3	0.006273525721455458	0.8118081180811808
out.5.3_15	out.1.3_1	0.005301114041224907	0.8312236286919831
out.5.3_16	out.1.3_5	0.004104969945755754	0.8549618320610687
out.5.3_17	out.1.3_2	0.0031306030679910065	0.9090909090909091
out.5.3_18	out.1.3_2	0.0020205469706024645	0.8452380952380952
out.5.3_19	out.1.3_2	0.0018497438816163915	0.8227848101265823
out.5.3_20	out.1.3_8	0.0019534429431873677	0.5217391304347826
out.5.3_21	out.1.3_8	0.0022797589969060414	0.6086956521739131
out.5.3_22	out.1.3_11	0.0031777557100297915	0.8421052631578947
out.5.3_23	out.1.3_7	0.0016584766584766585	0.7297297297297297
out.5.3_24	out.1.3_9	0.0018636171113934773	0.8148148148148148
out.5.3_25	out.1.3_2	0.0003699698332289829	0.52
out.5.3_26	out.1.3_4	0.00047944384513963804	0.6956521739130435
out.5.3_27	out.1.3_2	0.0004554382169593806	0.7619047619047619
out.5.3_28	out.1.3_10	0.0005432814197754436	0.5454545454545454
out.5.3_29	out.1.3_2	0.00019928258270227183	1.0
out.5.3_30	out.1.3_1	0.0001885674263240127	1.0
out.5.3_31	out.1.3_3	8.56677803478112e-05	0.6
out.5.3_32	out.1.3_2	0.00014234470193019415	1.0
out.5.3_33	out.1.3_7	0.00018436578171091445	0.6
out.5.3_34	out.1.3_5	0.00011003117549972492	1.0
out.5.3_35	out.1.3_12	0.0006277463904582549	1.0
out.5.3_36	out.1.3_11	0.0002980922098569157	1.0
out.5.3_37	out.1.3_4	5.9943054098606324e-05	1.0
out.5.3_38	out.1.3_12	0.0004184975936388366	1.0
out.5.3_39	out.1.3_10	9.058791557206268e-05	1.0
out.5.3_40	out.1.3_8	8.153946510110893e-05	1.0
out.5.3_1	out.1.8_1	0.9824500013458588	1.0
out.5.3_2	out.1.8_2	0.9904385191087334	0.9998563631140477
out.5.3_3	out.1.8_3	0.9906942224252112	1.0
out.5.3_4	out.1.8_4	0.9958061230603319	0.9993686678892463
out.5.3_5	out.1.8_5	0.9950132003520094	0.999889457975607
out.5.3_6	out.1.8_6	0.9990324809951624	0.9997694683941168
out.5.3_7	out.1.8_7	0.9944896834629278	0.9981564554783998
out.5.3_8	out.1.8_8	0.9940276527857318	0.9999177022467287
out.5.3_9	out.1.8_9	0.9923909367602299	0.9967730978260869
out.5.3_10	out.1.8_10	0.9966573312855723	0.9993658845909955
out.5.3_11	out.1.8_11	0.9953308166103716	0.9998004191198483
out.5.3_12	out.1.8_12	0.9985324947589098	1.0
out.5.3_13	out.1.8_1	0.009629609704925088	0.9322916666666666
out.5.3_14	out.1.8_3	0.006328211852569767	0.8191881918819188
out.5.3_15	out.1.8_1	0.005486230636833046	0.8607594936708861
out.5.3_16	out.1.8_5	0.004141166123062264	0.8625954198473282
out.5.3_17	out.1.8_2	0.00315825413987367	0.9173553719008265
out.5.3_18	out.1.8_2	0.0020769909238341822	0.8690476190476191
out.5.3_19	out.1.8_2	0.0018777205610401434	0.8354430379746836
out.5.3_20	out.1.8_1	0.0009418222915881815	0.7608695652173914
out.5.3_21	out.1.8_3	0.0011701915118303508	0.8913043478260869
out.5.3_22	out.1.8_11	0.0032773860363491908	0.868421052631579
out.5.3_23	out.1.8_7	0.0016581710986918873	0.7297297297297297
out.5.3_24	out.1.8_9	0.0018651971174226368	0.8148148148148148
out.5.3_25	out.1.8_2	0.0005691357673372983	0.8
out.5.3_26	out.1.8_4	0.00041953850764159424	0.6086956521739131
out.5.3_27	out.1.8_2	0.00045530861386983867	0.7619047619047619
out.5.3_28	out.1.8_10	0.0005432814197754436	0.5454545454545454
out.5.3_29	out.1.8_2	0.00019922586520947178	1.0
out.5.3_30	out.1.8_1	0.0001884202309493688	1.0
out.5.3_31	out.1.8_3	0.00011417806068563926	0.8
out.5.3_32	out.1.8_2	0.000142304189435337	1.0
out.5.3_33	out.1.8_7	0.00018433179723502304	0.6
out.5.3_34	out.1.8_5	0.00011001503538816971	1.0
out.5.3_35	out.1.8_1	8.075152754972949e-05	1.0
out.5.3_36	out.1.8_11	0.0002980922098569157	1.0
out.5.3_37	out.1.8_4	5.995024129972123e-05	1.0
out.5.3_38	out.1.8_12	0.0004192872117400419	1.0
out.5.3_39	out.1.8_10	9.058791557206268e-05	1.0
out.5.3_40	out.1.8_8	8.181966944853542e-05	1.0
out.5.3_1	out.2.3_1	0.9974312026890388	1.0
out.5.3_2	out.2.3_2	0.9903821529180775	0.9998563631140477
out.5.3_3	out.2.3_3	0.9984464902186421	1.0
out.5.3_4	out.2.3_4	0.998078655058541	0.999488921624628
out.5.3_5	out.2.3_5	0.9953418427230047	0.9999263053170714
out.5.3_6	out.2.3_6	0.9991245853298931	0.9998155747152935
out.5.3_7	out.2.3_7	0.9946736867882944	0.9980955891387149
out.5.3_8	out.2.3_8	0.9957384035404032	0.9999177022467287
out.5.3_9	out.2.3_9	0.9951707193086503	0.9977066168351312
out.5.3_10	out.2.3_10	0.9976510976601319	0.9993665158371041
out.5.3_11	out.2.3_11	0.9953308166103716	0.9998004191198483
out.5.3_12	out.2.3_12	0.999160897839312	1.0
out.5.3_13	out.2.3_13	0.9973958333333334	1.0
out.5.3_14	out.2.3_14	0.977859778597786	1.0
out.5.3_15	out.2.3_15	0.9451476793248945	1.0
out.5.3_16	out.2.3_5	0.004252667082157129	0.8854961832061069
out.5.3_17	out.2.3_2	0.003186616211909978	0.9256198347107438
out.5.3_18	out.2.3_2	0.002105382952088312	0.8809523809523809
out.5.3_19	out.2.3_2	0.001934621184101966	0.8607594936708861
out.5.3_20	out.2.3_1	0.0010655737704918034	0.8478260869565217
out.5.3_21	out.2.3_16	0.6739130434782609	1.0
out.5.3_22	out.2.3_11	0.0032773860363491908	0.868421052631579
out.5.3_23	out.2.3_7	0.0017191625222570148	0.7567567567567568
out.5.3_24	out.2.3_17	0.7407407407407407	1.0
out.5.3_25	out.2.3_2	0.000597575550623186	0.84
out.5.3_26	out.2.3_4	0.000600672753483902	0.8695652173913043
out.5.3_27	out.2.3_2	0.00048375163621876955	0.8095238095238095
out.5.3_28	out.2.3_10	0.000542740841248304	0.5454545454545454
out.5.3_29	out.2.3_2	0.00019921452558483693	1.0
out.5.3_30	out.2.3_1	0.00019129341677369987	1.0
out.5.3_31	out.2.3_3	0.00011507148816202065	0.8
out.5.3_32	out.2.3_2	0.00014229608970345496	1.0
out.5.3_33	out.2.3_7	0.00018427518427518427	0.6
out.5.3_34	out.2.3_5	0.00011004328369158536	1.0
out.5.3_35	out.2.3_18	1.0	1.0
out.5.3_36	out.2.3_11	0.0002980922098569157	1.0
out.5.3_37	out.2.3_4	6.007268795242243e-05	1.0
out.5.3_38	out.2.3_19	1.0	1.0
out.5.3_39	out.2.3_10	9.049773755656108e-05	1.0
out.5.3_40	out.2.3_8	8.196049504139005e-05	1.0
out.5.3_1	out.2.8_1	0.9987411745388868	0.9999178059672867
out.5.3_2	out.2.8_2	0.9947127750785939	0.9998563631140477
out.5.3_3	out.2.8_3	0.9989062859774349	1.0
out.5.3_4	out.2.8_4	0.9992186795684708	0.9996392387938551
out.5.3_5	out.2.8_5	0.9953420135705117	0.9999631526585356
out.5.3_6	out.2.8_6	0.9994930174678527	0.9998616810364701
out.5.3_7	out.2.8_7	0.9967504598405886	0.9995696015740285
out.5.3_8	out.2.8_8	0.997618852122506	0.9999177022467287
out.5.3_9	out.2.8_9	0.9969481180061037	0.998641304347826
out.5.3_10	out.2.8_10	0.9977418480715382	0.9991858887381275
out.5.3_11	out.2.8_11	0.9955286168521462	0.9998004191198483
out.5.3_12	out.2.8_12	0.9993705413344524	1.0
out.5.3_13	out.2.8_13	0.9922480620155039	1.0
out.5.3_14	out.2.8_14	1.0	1.0
out.5.3_15	out.2.8_15	0.9915611814345991	1.0
out.5.3_16	out.2.8_5	0.004325988928401217	0.9007633587786259
out.5.3_17	out.2.8_2	0.0032578875171467765	0.9421487603305785
out.5.3_18	out.2.8_17	0.8333333333333334	1.0
out.5.3_19	out.2.8_16	0.9113924050632911	1.0
out.5.3_20	out.2.8_18	0.8260869565217391	1.0
out.5.3_21	out.2.8_19	0.7608695652173914	1.0
out.5.3_22	out.2.8_11	0.003477396920019871	0.9210526315789473
out.5.3_23	out.2.8_20	0.7027027027027027	1.0
out.5.3_24	out.2.8_21	0.8148148148148148	1.0
out.5.3_25	out.2.8_23	0.68	1.0
out.5.3_26	out.2.8_22	0.782608695652174	1.0
out.5.3_27	out.2.8_2	0.0005430588504301598	0.9047619047619048
out.5.3_28	out.2.8_10	0.0007234581298607343	0.7272727272727273
out.5.3_29	out.2.8_2	0.00020008575103615836	1.0
out.5.3_30	out.2.8_24	1.0	1.0
out.5.3_31	out.2.8_3	0.00014390973981119043	1.0
out.5.3_32	out.2.8_25	1.0	1.0
out.5.3_33	out.2.8_7	0.00018443378827001107	0.6
out.5.3_34	out.2.8_5	0.00011003521126760564	1.0
out.5.3_35	out.2.8_26	1.0	1.0
out.5.3_36	out.2.8_27	1.0	1.0
out.5.3_37	out.2.8_4	6.012325266796934e-05	1.0
out.5.3_38	out.2.8_28	1.0	1.0
out.5.3_39	out.2.8_10	9.045680687471733e-05	1.0
out.5.3_40	out.2.8_8	8.211528986697323e-05	1.0
out.5.3_1	out.3.3_1	0.9991239597021463	0.9999178059672867
out.5.3_2	out.3.3_2	0.9953385952871197	0.9998563631140477
out.5.3_3	out.3.3_3	0.9992226412921429	1.0
out.5.3_4	out.3.3_4	0.9993688766003486	0.9996993656615458
out.5.3_5	out.3.3_5	0.9953053365120117	0.9999263053170714
out.5.3_6	out.3.3_6	0.9995851578704771	0.9998616810364701
out.5.3_7	out.3.3_7	0.9976082423647737	0.9998156115550092
out.5.3_8	out.3.3_8	0.9983567496508093	1.0
out.5.3_9	out.3.3_9	0.9978799185888738	0.9992357336956522
out.5.3_10	out.3.3_10	0.9987346348517715	0.9998190372783207
out.5.3_11	out.3.3_11	0.9954297069051168	0.9998004191198483
out.5.3_12	out.3.3_12	0.9993705413344524	1.0
out.5.3_13	out.3.3_13	0.9922480620155039	1.0
out.5.3_14	out.3.3_14	1.0	1.0
out.5.3_15	out.3.3_15	1.0	1.0
out.5.3_16	out.3.3_5	0.004399794676248442	0.916030534351145
out.5.3_17	out.3.3_2	0.003346011954128178	0.9669421487603306
out.5.3_18	out.3.3_16	0.9523809523809523	1.0
out.5.3_19	out.3.3_17	0.9367088607594937	1.0
out.5.3_20	out.3.3_18	0.8478260869565217	1.0
out.5.3_21	out.3.3_19	0.8478260869565217	1.0
out.5.3_22	out.3.3_11	0.003676470588235294	0.9736842105263158
out.5.3_23	out.3.3_20	0.7567567567567568	1.0
out.5.3_24	out.3.3_21	0.8148148148148148	1.0
out.5.3_25	out.3.3_22	0.84	1.0
out.5.3_26	out.3.3_24	0.782608695652174	1.0
out.5.3_27	out.3.3_23	0.9047619047619048	1.0
out.5.3_28	out.3.3_2	0.0002860084658505892	0.9090909090909091
out.5.3_29	out.3.3_2	0.00020021165231816492	1.0
out.5.3_30	out.3.3_25	1.0	1.0
out.5.3_31	out.3.3_27	0.8	1.0
out.5.3_32	out.3.3_26	1.0	1.0
out.5.3_33	out.3.3_30	0.6	1.0
out.5.3_34	out.3.3_5	0.00011003924733154825	1.0
out.5.3_35	out.3.3_28	1.0	1.0
out.5.3_36	out.3.3_29	1.0	1.0
out.5.3_37	out.3.3_4	6.012506012506013e-05	1.0
out.5.3_38	out.3.3_31	1.0	1.0
out.5.3_39	out.3.3_10	9.048136083966703e-05	1.0
out.5.3_40	out.3.3_8	8.216251745953496e-05	1.0
out.5.3_1	out.3.8_1	0.9994249253772216	0.9999178059672867
out.5.3_2	out.3.8_2	0.9992248952173164	0.9999138178684286
out.5.3_3	out.3.8_3	0.9995391970508611	1.0
out.5.3_4	out.3.8_4	0.9996392930143081	0.999849673792129
out.5.3_5	out.3.8_5	0.9952690064913632	0.9999631526585356
out.5.3_6	out.3.8_6	0.9996773301373651	0.9999077873576467
out.5.3_7	out.3.8_7	0.9984666339548577	0.999938574938575
out.5.3_8	out.3.8_8	0.9989312726076949	1.0
out.5.3_9	out.3.8_9	0.9986425723254433	0.9995754076086957
out.5.3_10	out.3.8_10	0.9990960043391792	1.0
out.5.3_11	out.3.8_11	0.9992022337455125	0.9999002095599242
out.5.3_12	out.3.8_12	0.9995802728226653	1.0
out.5.3_13	out.3.8_13	0.9922480620155039	1.0
out.5.3_14	out.3.8_14	1.0	1.0
out.5.3_15	out.3.8_15	1.0	1.0
out.5.3_16	out.3.8_5	0.004472960586617782	0.9312977099236641
out.5.3_17	out.3.8_16	0.9421487603305785	1.0
out.5.3_18	out.3.8_17	0.9642857142857143	1.0
out.5.3_19	out.3.8_18	0.9746835443037974	1.0
out.5.3_20	out.3.8_20	0.8478260869565217	1.0
out.5.3_21	out.3.8_19	0.9565217391304348	1.0
out.5.3_22	out.3.8_21	0.9473684210526315	1.0
out.5.3_23	out.3.8_22	0.8108108108108109	1.0
out.5.3_24	out.3.8_24	0.8518518518518519	1.0
out.5.3_25	out.3.8_23	0.96	1.0
out.5.3_26	out.3.8_25	0.9565217391304348	1.0
out.5.3_27	out.3.8_26	0.9047619047619048	1.0
out.5.3_28	out.3.8_27	0.7272727272727273	1.0
out.5.3_29	out.3.8_28	1.0	1.0
out.5.3_30	out.3.8_29	1.0	1.0
out.5.3_31	out.3.8_31	0.8	1.0
out.5.3_32	out.3.8_30	1.0	1.0
out.5.3_33	out.3.8_32	0.8	1.0
out.5.3_34	out.3.8_5	0.00011002714002787354	1.0
out.5.3_35	out.3.8_33	1.0	1.0
out.5.3_36	out.3.8_34	1.0	1.0
out.5.3_37	out.3.8_35	1.0	1.0
out.5.3_38	out.3.8_36	1.0	1.0
out.5.3_39	out.3.8_37	1.0	1.0
out.5.3_40	out.3.8_38	1.0	1.0
out.5.3_1	out.4.3_1	0.9994522948844342	0.9999178059672867
out.5.3_2	out.4.3_2	0.9995692749461593	1.0
out.5.3_3	out.4.3_3	0.9997119483811499	1.0
out.5.3_4	out.4.3_4	0.9998496918683301	0.9999398713246347
out.5.3_5	out.4.3_5	0.9952691799911985	1.0
out.5.3_6	out.4.3_6	0.9998156002212797	0.9999538936788234
out.5.3_7	out.4.3_7	0.9990185855364043	1.0
out.5.3_8	out.4.3_8	0.9994242474091133	1.0
out.5.3_9	out.4.3_9	0.9991512476659311	0.9996603260869565
out.5.3_10	out.4.3_10	0.9994576026035075	1.0
out.5.3_11	out.4.3_11	0.9994015559545183	0.9999002095599242
out.5.3_12	out.4.3_12	0.9997900923593619	1.0
out.5.3_13	out.4.3_13	0.9922480620155039	1.0
out.5.3_14	out.4.3_14	1.0	1.0
out.5.3_15	out.4.3_15	1.0	1.0
out.5.3_16	out.4.3_5	0.00465679084775594	0.9694656488549618
out.5.3_17	out.4.3_16	0.9504132231404959	1.0
out.5.3_18	out.4.3_17	0.9761904761904762	1.0
out.5.3_19	out.4.3_18	1.0	1.0
out.5.3_20	out.4.3_20	0.8478260869565217	1.0
out.5.3_21	out.4.3_19	0.9565217391304348	1.0
out.5.3_22	out.4.3_21	0.9736842105263158	1.0
out.5.3_23	out.4.3_22	0.8378378378378378	1.0
out.5.3_24	out.4.3_24	0.8888888888888888	1.0
out.5.3_25	out.4.3_23	0.96	1.0
out.5.3_26	out.4.3_25	1.0	1.0
out.5.3_27	out.4.3_26	0.9047619047619048	1.0
out.5.3_28	out.4.3_27	0.9090909090909091	1.0
out.5.3_29	out.4.3_28	1.0	1.0
out.5.3_30	out.4.3_29	1.0	1.0
out.5.3_31	out.4.3_31	0.8	1.0
out.5.3_32	out.4.3_30	1.0	1.0
out.5.3_33	out.4.3_32	0.8	1.0
out.5.3_34	out.4.3_33	1.0	1.0
out.5.3_35	out.4.3_34	1.0	1.0
out.5.3_36	out.4.3_35	1.0	1.0
out.5.3_37	out.4.3_36	1.0	1.0
out.5.3_38	out.4.3_37	1.0	1.0
out.5.3_39	out.4.3_38	1.0	1.0
out.5.3_40	out.4.3_39	1.0	1.0
out.5.3_1	out.4.8_1	0.9997808579411603	0.9999726019890955
out.5.3_2	out.4.8_2	0.9998851036939163	1.0
out.5.3_3	out.4.8_3	0.9997983464408147	1.0
out.5.3_4	out.4.8_4	0.9999098151209981	0.9999699365661546
out.5.3_5	out.4.8_5	0.9998526323545666	1.0
out.5.3_6	out.4.8_6	0.9999538936788234	1.0
out.5.3_7	out.4.8_7	0.9995092927682022	1.0
out.5.3_8	out.4.8_8	0.9997531676814218	1.0
out.5.3_9	out.4.8_9	0.9997452661968244	0.9999150743099787
out.5.3_10	out.4.8_10	0.9996384017356716	1.0
out.5.3_11	out.4.8_11	0.9996009577015164	0.9999002095599242
out.5.3_12	out.4.8_12	0.9997900923593619	1.0
out.5.3_13	out.4.8_13	0.9974025974025974	1.0
out.5.3_14	out.4.8_14	1.0	1.0
out.5.3_15	out.4.8_15	1.0	1.0
out.5.3_16	out.4.8_16	0.9847328244274809	1.0
out.5.3_17	out.4.8_17	0.9917355371900827	1.0
out.5.3_18	out.4.8_18	0.9761904761904762	1.0
out.5.3_19	out.4.8_19	1.0	1.0
out.5.3_20	out.4.8_21	0.9347826086956522	1.0
out.5.3_21	out.4.8_20	0.9565217391304348	1.0
out.5.3_22	out.4.8_22	0.9736842105263158	1.0
out.5.3_23	out.4.8_23	0.9459459459459459	1.0
out.5.3_24	out.4.8_24	0.9629629629629629	1.0
out.5.3_25	out.4.8_25	1.0	1.0
out.5.3_26	out.4.8_26	1.0	1.0
out.5.3_27	out.4.8_27	1.0	1.0
out.5.3_28	out.4.8_28	0.9090909090909091	1.0
out.5.3_29	out.4.8_29	1.0	1.0
out.5.3_30	out.4.8_30	1.0	1.0
out.5.3_31	out.4.8_31	1.0	1.0
out.5.3_32	out.4.8_32	1.0	1.0
out.5.3_33	out.4.8_33	1.0	1.0
out.5.3_34	out.4.8_34	1.0	1.0
out.5.3_35	out.4.8_35	1.0	1.0
out.5.3_36	out.4.8_36	1.0	1.0
out.5.3_37	out.4.8_37	1.0	1.0
out.5.3_38	out.4.8_38	1.0	1.0
out.5.3_39	out.4.8_39	1.0	1.0
out.5.3_40	out.4.8_40	1.0	1.0
out.1.3_1	out.1.8_1	0.9991655900086133	0.9999730617962395
out.1.3_2	out.1.8_2	0.9996584796653101	0.999971531059614
out.1.3_3	out.1.8_3	0.9989441543246869	0.9996858668646658
out.1.3_4	out.1.8_4	0.999340804218853	0.9997302239141512
out.1.3_5	out.1.8_5	0.9998533132861491	1.0
out.1.3_6	out.1.8_6	0.9996313703806101	0.9999078171091446
out.1.3_7	out.1.8_7	0.99981564554784	1.0
out.1.3_8	out.1.8_8	0.9962497961845752	0.9998363606611029
out.1.3_9	out.1.8_9	0.9981365407419956	0.9994910941475827
out.1.3_10	out.1.8_10	1.0	1.0
out.1.3_11	out.1.8_11	0.9998012916045703	0.9999006359300477
out.1.3_12	out.1.8_12	0.9981167608286252	1.0
out.1.3_1	out.2.3_1	0.9848407334607825	0.9995354302735496
out.1.3_1	out.2.3_13	0.009447165850244927	0.9164490861618799
out.1.3_1	out.2.3_15	0.00514062710267797	0.8526785714285714
out.1.3_2	out.2.3_2	0.9993739862846086	0.9998576552980698
out.1.3_3	out.2.3_3	0.9926038037580672	0.9999712313003453
out.1.3_3	out.2.3_14	0.006102429565415764	0.8075471698113208
out.1.3_4	out.2.3_4	0.9968246360313942	0.9994893821524045
out.1.3_5	out.2.3_5	0.9993033402999303	0.9997065512434891
out.1.3_6	out.2.3_6	0.9995392342072524	0.9998617256637168
out.1.3_7	out.2.3_7	0.9995085391325715	1.0
out.1.3_8	out.2.3_8	0.9948630136986302	1.0
out.1.3_8	out.2.3_16	0.0021191621159018666	0.8387096774193549
out.1.3_9	out.2.3_9	0.9953445065176909	0.9988108383589569
out.1.3_9	out.2.3_17	0.0016100330480467756	0.95
out.1.3_10	out.2.3_10	0.9990045248868779	1.0
out.1.3_11	out.2.3_11	0.9998012916045703	0.9999006359300477
out.1.3_12	out.2.3_12	0.997489014438167	1.0
out.1.3_12	out.2.3_18	0.0006277463904582549	1.0
out.1.3_12	out.2.3_19	0.0004184975936388366	1.0
out.1.3_1	out.2.8_1	0.9842950272075858	1.0
out.1.3_1	out.2.8_13	0.009527654420670165	0.9147286821705426
out.1.3_1	out.2.8_15	0.0052743467613896285	0.8340425531914893
out.1.3_1	out.2.8_24	0.0001885674263240127	1.0
out.1.3_2	out.2.8_2	0.9955881934363704	0.9997999142489639
out.1.3_2	out.2.8_16	0.0017360617013404674	0.8472222222222222
out.1.3_2	out.2.8_17	0.0017931858936043037	0.9
out.1.3_2	out.2.8_25	0.00014234470193019415	1.0
out.1.3_3	out.2.8_3	0.9920900082812187	0.9999424361040755
out.1.3_3	out.2.8_14	0.006273525721455458	0.8118081180811808
out.1.3_4	out.2.8_4	0.9959260701554683	0.9994588907259883
out.1.3_4	out.2.8_22	0.0004195510803440319	0.7777777777777778
out.1.3_5	out.2.8_5	0.9991567678545241	0.9995965375586855
out.1.3_6	out.2.8_6	0.9991706597862146	0.9996312344427031
out.1.3_7	out.2.8_7	0.9975440535396328	0.9989547466797836
out.1.3_7	out.2.8_20	0.0014133841332268173	0.8846153846153846
out.1.3_8	out.2.8_8	0.9929876060013046	1.0
out.1.3_8	out.2.8_18	0.001709958472437098	0.5526315789473685
out.1.3_8	out.2.8_19	0.0022001303780964797	0.7714285714285715
out.1.3_9	out.2.8_9	0.9935745688197497	0.9976230899830221
out.1.3_9	out.2.8_21	0.0016946280291476022	0.9090909090909091
out.1.3_9	out.2.8_23	0.0007621951219512195	0.5294117647058824
out.1.3_10	out.2.8_10	0.9985526910900046	1.0
out.1.3_11	out.2.8_11	0.999205324327009	0.9997018485390579
out.1.3_11	out.2.8_27	0.0002980922098569157	1.0
out.1.3_12	out.2.8_12	0.9972797656413476	1.0
out.1.3_12	out.2.8_26	0.0006277463904582549	1.0
out.1.3_12	out.2.8_28	0.0004184975936388366	1.0
out.1.3_1	out.3.3_1	0.9839178923549378	1.0
out.1.3_1	out.3.3_13	0.009527654420670165	0.9147286821705426
out.1.3_1	out.3.3_15	0.005301114041224907	0.8312236286919831
out.1.3_1	out.3.3_25	0.0001885674263240127	1.0
out.1.3_2	out.3.3_2	0.9946781262450908	0.9996567800245975
out.1.3_2	out.3.3_16	0.002020777002988473	0.8875
out.1.3_2	out.3.3_17	0.00173596289023592	0.8243243243243243
out.1.3_2	out.3.3_23	0.00045546414643172307	0.8421052631578947
out.1.3_2	out.3.3_26	0.00014234470193019415	1.0
out.1.3_3	out.3.3_3	0.9918896535968243	1.0
out.1.3_3	out.3.3_14	0.006273525721455458	0.8118081180811808
out.1.3_4	out.3.3_4	0.9957765463531526	0.9993987493987494
out.1.3_4	out.3.3_24	0.0004195510803440319	0.7777777777777778
out.1.3_5	out.3.3_5	0.9990468159988268	0.9995598430106738
out.1.3_6	out.3.3_6	0.9990785108735717	0.9996312004425595
out.1.3_7	out.3.3_7	0.996686506719028	0.998340503995083
out.1.3_7	out.3.3_20	0.001474744992011798	0.8571428571428571
out.1.3_7	out.3.3_30	0.0001843884449907806	1.0
out.1.3_8	out.3.3_8	0.9922543823889115	0.9999178374825405
out.1.3_8	out.3.3_18	0.001709819247679531	0.5384615384615384
out.1.3_8	out.3.3_19	0.0022810590631364563	0.717948717948718
out.1.3_9	out.3.3_9	0.9926489226869455	0.9970296189425444
out.1.3_9	out.3.3_21	0.0016946280291476022	0.9090909090909091
out.1.3_9	out.3.3_22	0.0009314140558848434	0.5238095238095238
out.1.3_10	out.3.3_10	0.9979198697657592	0.9995470604221397
out.1.3_11	out.3.3_11	0.9989075379878836	0.9995031302792408
out.1.3_11	out.3.3_29	0.0002980922098569157	1.0
out.1.3_12	out.3.3_12	0.9972797656413476	1.0
out.1.3_12	out.3.3_28	0.0006277463904582549	1.0
out.1.3_12	out.3.3_31	0.0004184975936388366	1.0
out.1.3_1	out.3.8_1	0.9836215721135715	1.0
out.1.3_1	out.3.8_13	0.009527654420670165	0.9147286821705426
out.1.3_1	out.3.8_15	0.005301114041224907	0.8312236286919831
out.1.3_1	out.3.8_29	0.0001885674263240127	1.0
out.1.3_2	out.3.8_2	0.9914882714643589	0.999942579885734
out.1.3_2	out.3.8_16	0.003017020549894689	0.9298245614035088
out.1.3_2	out.3.8_17	0.002020719489981785	0.8765432098765432
out.1.3_2	out.3.8_18	0.0018213381143458835	0.8311688311688312
out.1.3_2	out.3.8_26	0.00045546414643172307	0.8421052631578947
out.1.3_2	out.3.8_28	0.00019928258270227183	1.0
out.1.3_2	out.3.8_30	0.00014234470193019415	1.0
out.1.3_3	out.3.8_3	0.9915755204614901	1.0
out.1.3_3	out.3.8_14	0.006273525721455458	0.8118081180811808
out.1.3_4	out.3.8_4	0.9955073679166168	0.9993084994437931
out.1.3_4	out.3.8_25	0.00047945821222019117	0.7272727272727273
out.1.3_4	out.3.8_35	5.9943054098606324e-05	1.0
out.1.3_5	out.3.8_5	0.9989369501466275	0.9994865211810012
out.1.3_6	out.3.8_6	0.9989864086615987	0.9995851004978794
out.1.3_7	out.3.8_7	0.9958305230240971	0.9982175783650892
out.1.3_7	out.3.8_22	0.0015976404080127811	0.8666666666666667
out.1.3_7	out.3.8_32	0.00018437711265441583	0.75
out.1.3_8	out.3.8_8	0.9916836526701998	0.9999177902005919
out.1.3_8	out.3.8_19	0.002280130293159609	0.6363636363636364
out.1.3_8	out.3.8_20	0.001709819247679531	0.5384615384615384
out.1.3_8	out.3.8_38	8.153946510110893e-05	1.0
out.1.3_9	out.3.8_9	0.9918912070276206	0.9966898658971313
out.1.3_9	out.3.8_24	0.0017793594306049821	0.9130434782608695
out.1.3_10	out.3.8_10	0.9975585495976128	0.9993658845909955
out.1.3_10	out.3.8_27	0.0005434290372248891	0.75
out.1.3_10	out.3.8_37	9.058791557206268e-05	1.0
out.1.3_11	out.3.8_11	0.9961251862891207	0.999900269272963
out.1.3_11	out.3.8_21	0.0029791459781529296	0.8333333333333334
out.1.3_11	out.3.8_34	0.0002980922098569157	1.0
out.1.3_12	out.3.8_12	0.9970705168445282	1.0
out.1.3_12	out.3.8_33	0.0006277463904582549	1.0
out.1.3_12	out.3.8_36	0.0004184975936388366	1.0
out.1.3_1	out.4.3_1	0.983594633909811	1.0
out.1.3_1	out.4.3_13	0.009527654420670165	0.9147286821705426
out.1.3_1	out.4.3_15	0.005301114041224907	0.8312236286919831
out.1.3_1	out.4.3_29	0.0001885674263240127	1.0
out.1.3_2	out.4.3_2	0.991147419657852	0.9998564249820531
out.1.3_2	out.4.3_16	0.0030454830079125633	0.9304347826086956
out.1.3_2	out.4.3_17	0.0020206619802487407	0.8658536585365854
out.1.3_2	out.4.3_18	0.0018497438816163915	0.8227848101265823
out.1.3_2	out.4.3_26	0.00045546414643172307	0.8421052631578947
out.1.3_2	out.4.3_28	0.00019928258270227183	1.0
out.1.3_2	out.4.3_30	0.00014234470193019415	1.0
out.1.3_3	out.4.3_3	0.9914041751149442	1.0
out.1.3_3	out.4.3_14	0.006273525721455458	0.8118081180811808
out.1.3_4	out.4.3_4	0.9952982750359367	0.9991882628825687
out.1.3_4	out.4.3_25	0.00047944384513963804	0.6956521739130435
out.1.3_4	out.4.3_36	5.9943054098606324e-05	1.0
out.1.3_5	out.4.3_5	0.9985706955948105	0.9993398129470017
out.1.3_5	out.4.3_33	0.00011003117549972492	1.0
out.1.3_6	out.4.3_6	0.9988482447249608	0.9995389793001705
out.1.3_7	out.4.3_7	0.9952809952809952	0.9981561155500922
out.1.3_7	out.4.3_22	0.0016590881160132727	0.8709677419354839
out.1.3_7	out.4.3_32	0.00018437711265441583	0.75
out.1.3_8	out.4.3_8	0.9911944557684468	0.9999177496298733
out.1.3_8	out.4.3_19	0.002280130293159609	0.6363636363636364
out.1.3_8	out.4.3_20	0.001709819247679531	0.5384615384615384
out.1.3_8	out.4.3_39	8.153946510110893e-05	1.0
out.1.3_9	out.4.3_9	0.9913851351351352	0.9966038376634403
out.1.3_9	out.4.3_24	0.0017792086757604	0.875
out.1.3_10	out.4.3_10	0.9971978667630842	0.9993658845909955
out.1.3_10	out.4.3_27	0.0005433306166802499	0.6
out.1.3_10	out.4.3_38	9.058791557206268e-05	1.0
out.1.3_11	out.4.3_11	0.995926477893691	0.9999002493765586
out.1.3_11	out.4.3_21	0.0030784508440913605	0.8378378378378378
out.1.3_11	out.4.3_35	0.0002980922098569157	1.0
out.1.3_12	out.4.3_12	0.9968612680477087	1.0
out.1.3_12	out.4.3_34	0.0006277463904582549	1.0
out.1.3_12	out.4.3_37	0.0004184975936388366	1.0
out.1.3_1	out.4.8_1	0.9833791282797263	1.0
out.1.3_1	out.4.8_13	0.009473825864621182	0.9142857142857143
out.1.3_1	out.4.8_15	0.005301114041224907	0.8312236286919831
out.1.3_1	out.4.8_30	0.0001885674263240127	1.0
out.1.3_2	out.4.8_2	0.9908343058836925	0.9998563796173953
out.1.3_2	out.4.8_17	0.003102143040100179	0.9083333333333333
out.1.3_2	out.4.8_18	0.0020206619802487407	0.8658536585365854
out.1.3_2	out.4.8_19	0.0018497438816163915	0.8227848101265823
out.1.3_2	out.4.8_25	0.0003699698332289829	0.52
out.1.3_2	out.4.8_27	0.0004554382169593806	0.7619047619047619
out.1.3_2	out.4.8_29	0.00019928258270227183	1.0
out.1.3_2	out.4.8_32	0.00014234470193019415	1.0
out.1.3_3	out.4.8_3	0.9913185024416712	1.0
out.1.3_3	out.4.8_14	0.006273525721455458	0.8118081180811808
out.1.3_3	out.4.8_31	8.56677803478112e-05	0.6
out.1.3_4	out.4.8_4	0.995238665628556	0.9991281866281866
out.1.3_4	out.4.8_26	0.00047944384513963804	0.6956521739130435
out.1.3_4	out.4.8_37	5.9943054098606324e-05	1.0
out.1.3_5	out.4.8_5	0.9950863554691797	0.9997789485318498
out.1.3_5	out.4.8_16	0.004031666911010116	0.8527131782945736
out.1.3_5	out.4.8_34	0.00011003117549972492	1.0
out.1.3_6	out.4.8_6	0.9987100340919561	0.999538915529325
out.1.3_7	out.4.8_7	0.9947932618683002	0.9981561155500922
out.1.3_7	out.4.8_23	0.0016586804275709546	0.7714285714285715
out.1.3_7	out.4.8_33	0.00018436578171091445	0.6
out.1.3_8	out.4.8_8	0.9908683245006115	0.999917722560474
out.1.3_8	out.4.8_20	0.002280130293159609	0.6363636363636364
out.1.3_8	out.4.8_21	0.001872354281992836	0.5348837209302325
out.1.3_8	out.4.8_40	8.153946510110893e-05	1.0
out.1.3_9	out.4.8_9	0.9907954737375443	0.9964331210191083
out.1.3_9	out.4.8_24	0.0018637749915282956	0.8461538461538461
out.1.3_10	out.4.8_10	0.9970176231360145	0.9993658845909955
out.1.3_10	out.4.8_28	0.0005433306166802499	0.6
out.1.3_10	out.4.8_39	9.058791557206268e-05	1.0
out.1.3_11	out.4.8_11	0.9957277694982613	0.9999002294722139
out.1.3_11	out.4.8_22	0.0030784508440913605	0.8378378378378378
out.1.3_11	out.4.8_36	0.0002980922098569157	1.0
out.1.3_12	out.4.8_12	0.9968612680477087	1.0
out.1.3_12	out.4.8_35	0.0006277463904582549	1.0
out.1.3_12	out.4.8_38	0.0004184975936388366	1.0
out.1.8_1	out.2.3_1	0.9847665186381376	0.9998906894761294
out.1.8_1	out.2.3_13	0.009629868732515602	0.9347258485639687
out.1.8_1	out.2.3_15	0.005325873523952982	0.8839285714285714
out.1.8_1	out.2.3_18	8.075152754972949e-05	1.0
out.1.8_2	out.2.3_2	0.999715440213989	0.9998861566484517
out.1.8_3	out.2.3_3	0.992235670244348	1.0
out.1.8_3	out.2.3_14	0.006157179099797612	0.8150943396226416
out.1.8_3	out.2.3_16	0.0007992007992007992	0.9032258064516129
out.1.8_4	out.2.3_4	0.997362979832789	0.9996996365602379
out.1.8_5	out.2.3_5	0.999450005499945	0.9998532756217445
out.1.8_6	out.2.3_6	0.9999078383484632	0.9999539170506913
out.1.8_7	out.2.3_7	0.9996928369578573	1.0
out.1.8_8	out.2.3_8	0.9982817869415808	1.0
out.1.8_9	out.2.3_9	0.9972029157484319	0.9993204790622611
out.1.8_9	out.2.3_17	0.0016113985242981936	0.95
out.1.8_10	out.2.3_10	0.9990045248868779	1.0
out.1.8_11	out.2.3_11	1.0	1.0
out.1.8_12	out.2.3_12	0.9993710691823899	1.0
out.1.8_12	out.2.3_19	0.0004192872117400419	1.0
out.1.8_1	out.2.8_1	0.9835266883798552	1.0
out.1.8_1	out.2.8_13	0.009710304758318316	0.9328165374677002
out.1.8_1	out.2.8_15	0.005459484172874701	0.8638297872340426
out.1.8_1	out.2.8_18	0.0008073414246885008	0.7894736842105263
out.1.8_1	out.2.8_24	0.0001884202309493688	1.0
out.1.8_1	out.2.8_26	8.075152754972949e-05	1.0
out.1.8_2	out.2.8_2	0.99536167548802	0.9998284979276832
out.1.8_2	out.2.8_16	0.0017640698799294373	0.8611111111111112
out.1.8_2	out.2.8_17	0.0018496912438462196	0.9285714285714286
out.1.8_2	out.2.8_23	0.00042688826911036485	0.8823529411764706
out.1.8_2	out.2.8_25	0.000142304189435337	1.0
out.1.8_3	out.2.8_3	0.9917220906002912	0.9999712180520378
out.1.8_3	out.2.8_14	0.006328211852569767	0.8191881918819188
out.1.8_3	out.2.8_19	0.000884804201392853	0.8857142857142857
out.1.8_4	out.2.8_4	0.996583757866347	0.9997294453629941
out.1.8_4	out.2.8_22	0.00035963676686546586	0.6666666666666666
out.1.8_5	out.2.8_5	0.9993034169233025	0.9997432511737089
out.1.8_6	out.2.8_6	0.9995392129757626	0.9999078086106757
out.1.8_7	out.2.8_7	0.9977282495241604	0.999139203148057
out.1.8_7	out.2.8_20	0.001413123617596461	0.8846153846153846
out.1.8_8	out.2.8_8	0.9963999345442645	1.0
out.1.8_9	out.2.8_9	0.9954283779207586	0.9981324278438031
out.1.8_9	out.2.8_21	0.0016960651289009499	0.9090909090909091
out.1.8_10	out.2.8_10	0.9985526910900046	1.0
out.1.8_11	out.2.8_11	0.9994039340353665	0.9998012323593719
out.1.8_11	out.2.8_27	0.0002980922098569157	1.0
out.1.8_12	out.2.8_12	0.9991614255765199	1.0
out.1.8_12	out.2.8_28	0.0004192872117400419	1.0
out.1.8_1	out.3.3_1	0.9831498479179565	1.0
out.1.8_1	out.3.3_13	0.009710304758318316	0.9328165374677002
out.1.8_1	out.3.3_15	0.005486230636833046	0.8607594936708861
out.1.8_1	out.3.3_18	0.0008342528055114508	0.7948717948717948
out.1.8_1	out.3.3_25	0.0001884202309493688	1.0
out.1.8_1	out.3.3_28	8.075152754972949e-05	1.0
out.1.8_2	out.3.3_2	0.9944518735596211	0.9996853816892143
out.1.8_2	out.3.3_16	0.002077227328344194	0.9125
out.1.8_2	out.3.3_17	0.0017639695003983157	0.8378378378378378
out.1.8_2	out.3.3_22	0.0004837791690381332	0.8095238095238095
out.1.8_2	out.3.3_23	0.0004553345285864709	0.8421052631578947
out.1.8_2	out.3.3_26	0.000142304189435337	1.0
out.1.8_3	out.3.3_3	0.9914649463347797	1.0
out.1.8_3	out.3.3_14	0.006328211852569767	0.8191881918819188
out.1.8_3	out.3.3_19	0.0009704027171276079	0.8717948717948718
out.1.8_3	out.3.3_27	8.563354551422944e-05	0.75
out.1.8_4	out.3.3_4	0.9964341364017739	0.9996693121693122
out.1.8_4	out.3.3_24	0.00035963676686546586	0.6666666666666666
out.1.8_5	out.3.3_5	0.9991201701004473	0.9996698822580053
out.1.8_6	out.3.3_6	0.9994470555709152	0.9999078001106398
out.1.8_7	out.3.3_7	0.996870589679082	0.9985248924400738
out.1.8_7	out.3.3_20	0.0014744731830189839	0.8571428571428571
out.1.8_7	out.3.3_30	0.00018435445216001968	1.0
out.1.8_8	out.3.3_8	0.9956639122964902	0.9999178374825405
out.1.8_9	out.3.3_9	0.9945003807428716	0.9975388271238225
out.1.8_9	out.3.3_21	0.0016960651289009499	0.9090909090909091
out.1.8_10	out.3.3_10	0.9979198697657592	0.9995470604221397
out.1.8_11	out.3.3_11	0.9989075379878836	0.9995031302792408
out.1.8_11	out.3.3_29	0.0002980922098569157	1.0
out.1.8_12	out.3.3_12	0.9991614255765199	1.0
out.1.8_12	out.3.3_31	0.0004192872117400419	1.0
out.1.8_1	out.3.8_1	0.9828537589836075	1.0
out.1.8_1	out.3.8_13	0.009710304758318316	0.9328165374677002
out.1.8_1	out.3.8_15	0.005486230636833046	0.8607594936708861
out.1.8_1	out.3.8_20	0.0008342528055114508	0.7948717948717948
out.1.8_1	out.3.8_29	0.0001884202309493688	1.0
out.1.8_1	out.3.8_33	8.075152754972949e-05	1.0
out.1.8_2	out.3.8_2	0.9912061016563265	0.999942579885734
out.1.8_2	out.3.8_16	0.0030447030703127224	0.9385964912280702
out.1.8_2	out.3.8_17	0.002077168222171637	0.9012345679012346
out.1.8_2	out.3.8_18	0.0018493228633208148	0.8441558441558441
out.1.8_2	out.3.8_23	0.0005406789789704334	0.7916666666666666
out.1.8_2	out.3.8_26	0.0004553345285864709	0.8421052631578947
out.1.8_2	out.3.8_28	0.00019922586520947178	1.0
out.1.8_2	out.3.8_30	0.000142304189435337	1.0
out.1.8_3	out.3.8_3	0.9911509477049555	1.0
out.1.8_3	out.3.8_14	0.006328211852569767	0.8191881918819188
out.1.8_3	out.3.8_19	0.0011131089990581385	0.8863636363636364
out.1.8_3	out.3.8_31	8.563354551422944e-05	0.75
out.1.8_4	out.3.8_4	0.9961647940074906	0.999579086617961
out.1.8_4	out.3.8_25	0.0004195510803440319	0.6363636363636364
out.1.8_4	out.3.8_35	5.995024129972123e-05	1.0
out.1.8_5	out.3.8_5	0.9990835777126099	0.9995965671532311
out.1.8_6	out.3.8_6	0.9993549278901535	0.9998617001659598
out.1.8_7	out.3.8_7	0.99601447053774	0.9982179069624532
out.1.8_7	out.3.8_22	0.0015973459482705658	0.8666666666666667
out.1.8_7	out.3.8_32	0.00018434312400147476	0.75
out.1.8_8	out.3.8_8	0.9950912214677248	0.9999177902005919
out.1.8_8	out.3.8_38	8.181966944853542e-05	1.0
out.1.8_9	out.3.8_9	0.9937410132792015	0.9971991172975726
out.1.8_9	out.3.8_24	0.0017808683853459972	0.9130434782608695
out.1.8_10	out.3.8_10	0.9975585495976128	0.9993658845909955
out.1.8_10	out.3.8_27	0.0005434290372248891	0.75
out.1.8_10	out.3.8_37	9.058791557206268e-05	1.0
out.1.8_11	out.3.8_11	0.9961251862891207	0.999900269272963
out.1.8_11	out.3.8_21	0.0030787565796007547	0.8611111111111112
out.1.8_11	out.3.8_34	0.0002980922098569157	1.0
out.1.8_12	out.3.8_12	0.9989517819706499	1.0
out.1.8_12	out.3.8_36	0.0004192872117400419	1.0
out.1.8_1	out.4.3_1	0.9828268418077575	1.0
out.1.8_1	out.4.3_13	0.009710304758318316	0.9328165374677002
out.1.8_1	out.4.3_15	0.005486230636833046	0.8607594936708861
out.1.8_1	out.4.3_20	0.0008342528055114508	0.7948717948717948
out.1.8_1	out.4.3_29	0.0001884202309493688	1.0
out.1.8_1	out.4.3_34	8.075152754972949e-05	1.0
out.1.8_2	out.4.3_2	0.9908653709342363	0.9998564249820531
out.1.8_2	out.4.3_16	0.0030731582391941496	0.9391304347826087
out.1.8_2	out.4.3_17	0.0020771091193626406	0.8902439024390244
out.1.8_2	out.4.3_18	0.0018777205610401434	0.8354430379746836
out.1.8_2	out.4.3_23	0.0005406789789704334	0.7916666666666666
out.1.8_2	out.4.3_26	0.0004553345285864709	0.8421052631578947
out.1.8_2	out.4.3_28	0.00019922586520947178	1.0
out.1.8_2	out.4.3_30	0.000142304189435337	1.0
out.1.8_3	out.4.3_3	0.9909796757250514	1.0
out.1.8_3	out.4.3_14	0.006328211852569767	0.8191881918819188
out.1.8_3	out.4.3_19	0.0011131089990581385	0.8863636363636364
out.1.8_3	out.4.3_31	8.563354551422944e-05	0.75
out.1.8_4	out.4.3_4	0.9959555409089548	0.9994588419217124
out.1.8_4	out.4.3_25	0.00041953850764159424	0.6086956521739131
out.1.8_4	out.4.3_36	5.995024129972123e-05	1.0
out.1.8_5	out.4.3_5	0.9987172909184197	0.9993765586034913
out.1.8_5	out.4.3_33	0.00011001503538816971	1.0
out.1.8_6	out.4.3_6	0.999216734242536	0.9998155917200683
out.1.8_7	out.4.3_7	0.9954648526077098	0.9981564554783998
out.1.8_7	out.4.3_22	0.001658782330896357	0.8709677419354839
out.1.8_7	out.4.3_32	0.00018434312400147476	0.75
out.1.8_8	out.4.3_8	0.9946003436144972	0.9999177496298733
out.1.8_8	out.4.3_39	8.181966944853542e-05	1.0
out.1.8_9	out.4.3_9	0.993234100135318	0.9971132620139243
out.1.8_9	out.4.3_24	0.0017807173747138134	0.875
out.1.8_10	out.4.3_10	0.9971978667630842	0.9993658845909955
out.1.8_10	out.4.3_27	0.0005433306166802499	0.6
out.1.8_10	out.4.3_38	9.058791557206268e-05	1.0
out.1.8_11	out.4.3_11	0.995926477893691	0.9999002493765586
out.1.8_11	out.4.3_21	0.0031780713079749725	0.8648648648648649
out.1.8_11	out.4.3_35	0.0002980922098569157	1.0
out.1.8_12	out.4.3_12	0.9987421383647799	1.0
out.1.8_12	out.4.3_37	0.0004192872117400419	1.0
out.1.8_1	out.4.8_1	0.9826115044009582	1.0
out.1.8_1	out.4.8_13	0.009656508056056164	0.9324675324675324
out.1.8_1	out.4.8_15	0.005486230636833046	0.8607594936708861
out.1.8_1	out.4.8_21	0.0008880277710502947	0.7674418604651163
out.1.8_1	out.4.8_30	0.0001884202309493688	1.0
out.1.8_1	out.4.8_35	8.075152754972949e-05	1.0
out.1.8_2	out.4.8_2	0.9905523462622009	0.9998563796173953
out.1.8_2	out.4.8_17	0.003129801399874808	0.9166666666666666
out.1.8_2	out.4.8_18	0.0020771091193626406	0.8902439024390244
out.1.8_2	out.4.8_19	0.0018777205610401434	0.8354430379746836
out.1.8_2	out.4.8_25	0.0005691357673372983	0.8
out.1.8_2	out.4.8_27	0.00045530861386983867	0.7619047619047619
out.1.8_2	out.4.8_29	0.00019922586520947178	1.0
out.1.8_2	out.4.8_32	0.000142304189435337	1.0
out.1.8_3	out.4.8_3	0.9908940397350994	1.0
out.1.8_3	out.4.8_14	0.006328211852569767	0.8191881918819188
out.1.8_3	out.4.8_20	0.0011131089990581385	0.8863636363636364
out.1.8_3	out.4.8_31	0.00011417806068563926	0.8
out.1.8_4	out.4.8_4	0.9958958689074623	0.9993987493987494
out.1.8_4	out.4.8_26	0.00041953850764159424	0.6086956521739131
out.1.8_4	out.4.8_37	5.995024129972123e-05	1.0
out.1.8_5	out.4.8_5	0.9951598709298914	0.9998894742659249
out.1.8_5	out.4.8_16	0.0040678711474328435	0.8604651162790697
out.1.8_5	out.4.8_34	0.00011001503538816971	1.0
out.1.8_6	out.4.8_6	0.9990785108735717	0.99981556621173
out.1.8_7	out.4.8_7	0.9949770290964778	0.9981564554783998
out.1.8_7	out.4.8_23	0.001658374792703151	0.7714285714285715
out.1.8_7	out.4.8_33	0.00018433179723502304	0.6
out.1.8_8	out.4.8_8	0.9942730917123456	0.999917722560474
out.1.8_8	out.4.8_40	8.181966944853542e-05	1.0
out.1.8_9	out.4.8_9	0.9926433282597666	0.9969426751592356
out.1.8_9	out.4.8_24	0.0018653552653891809	0.8461538461538461
out.1.8_10	out.4.8_10	0.9970176231360145	0.9993658845909955
out.1.8_10	out.4.8_28	0.0005433306166802499	0.6
out.1.8_10	out.4.8_39	9.058791557206268e-05	1.0
out.1.8_11	out.4.8_11	0.9957277694982613	0.9999002294722139
out.1.8_11	out.4.8_22	0.0031780713079749725	0.8648648648648649
out.1.8_11	out.4.8_36	0.0002980922098569157	1.0
out.1.8_12	out.4.8_12	0.9987421383647799	1.0
out.1.8_12	out.4.8_38	0.0004192872117400419	1.0
out.2.3_1	out.2.8_1	0.9985243079277457	1.0
out.2.3_1	out.2.8_18	0.0009290378992813619	0.8947368421052632
out.2.3_1	out.2.8_24	0.00019129341677369987	1.0
out.2.3_2	out.2.8_2	0.9954185874452223	0.9998856652851222
out.2.3_2	out.2.8_16	0.001820975359927161	0.8888888888888888
out.2.3_2	out.2.8_17	0.00187809458767287	0.9428571428571428
out.2.3_2	out.2.8_23	0.0004553345285864709	0.9411764705882353
out.2.3_2	out.2.8_25	0.00014229608970345496	1.0
out.2.3_3	out.2.8_3	0.9994821783032709	0.9999712180520378
out.2.3_4	out.2.8_4	0.9988587903177368	0.9998496918683301
out.2.3_4	out.2.8_22	0.0005406541915718018	1.0
out.2.3_5	out.2.8_5	0.9998532917660004	0.9999633189054361
out.2.3_6	out.2.8_6	0.9996313533938528	0.9999539043053379
out.2.3_7	out.2.8_7	0.9979125736738703	0.999385145105755
out.2.3_7	out.2.8_20	0.0014742014742014742	0.9230769230769231
out.2.3_8	out.2.8_8	0.9981149086140481	1.0
out.2.3_9	out.2.8_9	0.9982183761771443	0.9994054191794784
out.2.3_10	out.2.8_10	0.9995477159656264	1.0
out.2.3_11	out.2.8_11	0.9994039340353665	0.9998012323593719
out.2.3_11	out.2.8_27	0.0002980922098569157	1.0
out.2.3_12	out.2.8_12	0.999790224459828	1.0
out.2.3_13	out.2.8_13	0.9896640826873385	1.0
out.2.3_14	out.2.8_14	0.977859778597786	1.0
out.2.3_15	out.2.8_15	0.9531914893617022	1.0
out.2.3_16	out.2.8_19	0.8857142857142857	1.0
out.2.3_17	out.2.8_21	0.9090909090909091	1.0
out.2.3_18	out.2.8_26	1.0	1.0
out.2.3_19	out.2.8_28	1.0	1.0
out.2.3_1	out.3.3_1	0.9981417210941983	1.0
out.2.3_1	out.3.3_18	0.0009563625433778725	0.8974358974358975
out.2.3_1	out.3.3_25	0.00019129341677369987	1.0
out.2.3_2	out.3.3_2	0.9944520314100376	0.9997139833538312
out.2.3_2	out.3.3_16	0.0021056225813794673	0.925
out.2.3_2	out.3.3_17	0.0018208717423466485	0.8648648648648649
out.2.3_2	out.3.3_22	0.0005122221906035685	0.8571428571428571
out.2.3_2	out.3.3_23	0.0004837791690381332	0.8947368421052632
out.2.3_2	out.3.3_26	0.00014229608970345496	1.0
out.2.3_3	out.3.3_3	0.999223245109321	1.0
out.2.3_3	out.3.3_27	8.630361612151549e-05	0.75
out.2.3_4	out.3.3_4	0.9987087087087088	0.9997895622895623
out.2.3_4	out.3.3_24	0.0005406541915718018	1.0
out.2.3_5	out.3.3_5	0.999669930685444	0.9998532756217445
out.2.3_6	out.3.3_6	0.999539191742316	0.9999539000553199
out.2.3_7	out.3.3_7	0.99705485335624	0.9987707437000615
out.2.3_7	out.3.3_20	0.0015355322154658804	0.8928571428571429
out.2.3_7	out.3.3_30	0.00018429782528566163	1.0
out.2.3_8	out.3.3_8	0.9973774791017866	0.9999178374825405
out.2.3_9	out.3.3_9	0.9972867559776157	0.999065658710609
out.2.3_10	out.3.3_10	0.9989147146603962	0.9995475113122172
out.2.3_11	out.3.3_11	0.9989075379878836	0.9995031302792408
out.2.3_11	out.3.3_29	0.0002980922098569157	1.0
out.2.3_12	out.3.3_12	0.999790224459828	1.0
out.2.3_13	out.3.3_13	0.9896640826873385	1.0
out.2.3_14	out.3.3_14	0.977859778597786	1.0
out.2.3_15	out.3.3_15	0.9451476793248945	1.0
out.2.3_16	out.3.3_19	0.7948717948717948	1.0
out.2.3_17	out.3.3_21	0.9090909090909091	1.0
out.2.3_18	out.3.3_28	1.0	1.0
out.2.3_19	out.3.3_31	1.0	1.0
out.2.3_1	out.3.8_1	0.997841117153554	1.0
out.2.3_1	out.3.8_20	0.0009563625433778725	0.8974358974358975
out.2.3_1	out.3.8_29	0.00019129341677369987	1.0
out.2.3_2	out.3.8_2	0.99114968696642	0.999942579885734
out.2.3_2	out.3.8_16	0.003073070794445709	0.9473684210526315
out.2.3_2	out.3.8_17	0.0021055626689429506	0.9135802469135802
out.2.3_2	out.3.8_18	0.0019062251052691477	0.8701298701298701
out.2.3_2	out.3.8_23	0.0005691195720220818	0.8333333333333334
out.2.3_2	out.3.8_26	0.0004837791690381332	0.8947368421052632
out.2.3_2	out.3.8_28	0.00019921452558483693	1.0
out.2.3_2	out.3.8_30	0.00014229608970345496	1.0
out.2.3_3	out.3.8_3	0.9989067894131185	1.0
out.2.3_3	out.3.8_31	8.630361612151549e-05	0.75
out.2.3_4	out.3.8_4	0.9984385791069874	0.9996993475842578
out.2.3_4	out.3.8_25	0.0006006907944135756	0.9090909090909091
out.2.3_4	out.3.8_35	6.007268795242243e-05	1.0
out.2.3_5	out.3.8_5	0.9996332832153728	0.9998899567163084
out.2.3_6	out.3.8_6	0.9994470555709152	0.9999078001106398
out.2.3_7	out.3.8_7	0.9961986511342734	0.9981570217471434
out.2.3_7	out.3.8_22	0.001658374792703151	0.9
out.2.3_7	out.3.8_32	0.00018428650408501752	0.75
out.2.3_8	out.3.8_8	0.9968038026553024	0.9999177902005919
out.2.3_8	out.3.8_38	8.196049504139005e-05	1.0
out.2.3_9	out.3.8_9	0.9965248347177488	0.9986409581245222
out.2.3_10	out.3.8_10	0.9985532145763631	0.9993665158371041
out.2.3_10	out.3.8_27	0.0005428881650380022	0.75
out.2.3_10	out.3.8_37	9.049773755656108e-05	1.0
out.2.3_11	out.3.8_11	0.9961251862891207	0.999900269272963
out.2.3_11	out.3.8_21	0.0030787565796007547	0.8611111111111112
out.2.3_11	out.3.8_34	0.0002980922098569157	1.0
out.2.3_12	out.3.8_12	0.9995804489196559	1.0
out.2.3_13	out.3.8_13	0.9896640826873385	1.0
out.2.3_14	out.3.8_14	0.977859778597786	1.0
out.2.3_15	out.3.8_15	0.9451476793248945	1.0
out.2.3_16	out.3.8_19	0.7045454545454546	1.0
out.2.3_17	out.3.8_24	0.8695652173913043	1.0
out.2.3_18	out.3.8_33	1.0	1.0
out.2.3_19	out.3.8_36	1.0	1.0
out.2.3_1	out.4.3_1	0.9978137895225863	1.0
out.2.3_1	out.4.3_20	0.0009563625433778725	0.8974358974358975
out.2.3_1	out.4.3_29	0.00019129341677369987	1.0
out.2.3_2	out.4.3_2	0.990808980451299	0.9998564249820531
out.2.3_2	out.4.3_16	0.00310152515365354	0.9478260869565217
out.2.3_2	out.4.3_17	0.00210550275991578	0.9024390243902439
out.2.3_2	out.4.3_18	0.001934621184101966	0.8607594936708861
out.2.3_2	out.4.3_23	0.0005691195720220818	0.8333333333333334
out.2.3_2	out.4.3_26	0.0004837791690381332	0.8947368421052632
out.2.3_2	out.4.3_28	0.00019921452558483693	1.0
out.2.3_2	out.4.3_30	0.00014229608970345496	1.0
out.2.3_3	out.4.3_3	0.9987341772151899	1.0
out.2.3_3	out.4.3_31	8.630361612151549e-05	0.75
out.2.3_4	out.4.3_4	0.9982286005944696	0.999579099272443
out.2.3_4	out.4.3_25	0.000600672753483902	0.8695652173913043
out.2.3_4	out.4.3_36	6.007268795242243e-05	1.0
out.2.3_5	out.4.3_5	0.9992667277726857	0.999743232338053
out.2.3_5	out.4.3_33	0.00011004328369158536	1.0
out.2.3_6	out.4.3_6	0.9993088513108787	0.9998616937900512
out.2.3_7	out.4.3_7	0.9956489765902684	0.9980955891387149
out.2.3_7	out.4.3_22	0.0017197960813217861	0.9032258064516129
out.2.3_7	out.4.3_32	0.00018428650408501752	0.75
out.2.3_8	out.4.3_8	0.9963120799868874	0.9999177496298733
out.2.3_8	out.4.3_39	8.196049504139005e-05	1.0
out.2.3_9	out.4.3_9	0.9960166115772523	0.9982162575384353
out.2.3_10	out.4.3_10	0.9981921721052156	0.9993665158371041
out.2.3_10	out.4.3_27	0.0005427899402931065	0.6
out.2.3_10	out.4.3_38	9.049773755656108e-05	1.0
out.2.3_11	out.4.3_11	0.995926477893691	0.9999002493765586
out.2.3_11	out.4.3_21	0.0031780713079749725	0.8648648648648649
out.2.3_11	out.4.3_35	0.0002980922098569157	1.0
out.2.3_12	out.4.3_12	0.9993706733794839	1.0
out.2.3_13	out.4.3_13	0.9896640826873385	1.0
out.2.3_14	out.4.3_14	0.977859778597786	1.0
out.2.3_15	out.4.3_15	0.9451476793248945	1.0
out.2.3_16	out.4.3_19	0.7045454545454546	1.0
out.2.3_17	out.4.3_24	0.8333333333333334	1.0
out.2.3_18	out.4.3_34	1.0	1.0
out.2.3_19	out.4.3_37	1.0	1.0
out.2.3_1	out.4.8_1	0.9975951684748449	1.0
out.2.3_1	out.4.8_21	0.0010109565835132108	0.8604651162790697
out.2.3_1	out.4.8_30	0.00019129341677369987	1.0
out.2.3_2	out.4.8_2	0.9904959735936033	0.9998563796173953
out.2.3_2	out.4.8_17	0.003158164281446496	0.925
out.2.3_2	out.4.8_18	0.00210550275991578	0.9024390243902439
out.2.3_2	out.4.8_19	0.001934621184101966	0.8607594936708861
out.2.3_2	out.4.8_25	0.000597575550623186	0.84
out.2.3_2	out.4.8_27	0.00048375163621876955	0.8095238095238095
out.2.3_2	out.4.8_29	0.00019921452558483693	1.0
out.2.3_2	out.4.8_32	0.00014229608970345496	1.0
out.2.3_3	out.4.8_3	0.9986478711162255	1.0
out.2.3_3	out.4.8_31	0.00011507148816202065	0.8
out.2.3_4	out.4.8_4	0.9981686631240806	0.9995189995189995
out.2.3_4	out.4.8_26	0.000600672753483902	0.8695652173913043
out.2.3_4	out.4.8_37	6.007268795242243e-05	1.0
out.2.3_5	out.4.8_5	0.9954885563380281	0.9999263161772832
out.2.3_5	out.4.8_16	0.00417934523591304	0.8837209302325582
out.2.3_5	out.4.8_34	0.00011004328369158536	1.0
out.2.3_6	out.4.8_6	0.9991706215730544	0.9998616746587975
out.2.3_7	out.4.8_7	0.9951610927355139	0.9980955891387149
out.2.3_7	out.4.8_23	0.0017193736567393306	0.8
out.2.3_7	out.4.8_33	0.00018427518427518427	0.6
out.2.3_8	out.4.8_8	0.9959842648746107	0.999917722560474
out.2.3_8	out.4.8_40	8.196049504139005e-05	1.0
out.2.3_9	out.4.8_9	0.9954241166002881	0.9977915569523486
out.2.3_10	out.4.8_10	0.998011748757343	0.9993665158371041
out.2.3_10	out.4.8_28	0.0005427899402931065	0.6
out.2.3_10	out.4.8_39	9.049773755656108e-05	1.0
out.2.3_11	out.4.8_11	0.9957277694982613	0.9999002294722139
out.2.3_11	out.4.8_22	0.0031780713079749725	0.8648648648648649
out.2.3_11	out.4.8_36	0.0002980922098569157	1.0
out.2.3_12	out.4.8_12	0.9993706733794839	1.0
out.2.3_13	out.4.8_13	0.9948051948051948	1.0
out.2.3_14	out.4.8_14	0.977859778597786	1.0
out.2.3_15	out.4.8_15	0.9451476793248945	1.0
out.2.3_16	out.4.8_20	0.7045454545454546	1.0
out.2.3_17	out.4.8_24	0.7692307692307693	1.0
out.2.3_18	out.4.8_35	1.0	1.0
out.2.3_19	out.4.8_38	1.0	1.0
out.2.8_1	out.3.3_1	0.9996168477517173	1.0
out.2.8_2	out.3.3_2	0.9987998285469353	0.9997139833538312
out.2.8_2	out.3.3_23	0.0005430898956695727	1.0
out.2.8_3	out.3.3_3	0.9996833985724154	1.0
out.2.8_3	out.3.3_27	0.00011512779184895233	1.0
out.2.8_4	out.3.3_4	0.9998497009048005	0.9999398749398749
out.2.8_5	out.3.3_5	0.9998166214332869	0.9999266405017789
out.2.8_6	out.3.3_6	0.9999078086106757	1.0
out.2.8_7	out.3.3_7	0.9991397320879931	0.999754058042302
out.2.8_7	out.3.3_30	0.00018445646827348745	1.0
out.2.8_8	out.3.3_8	0.9992610230725019	0.9999178374825405
out.2.8_9	out.3.3_9	0.9990667684737422	0.999660441426146
out.2.8_10	out.3.3_10	0.9990053350212497	0.9996380745566413
out.2.8_11	out.3.3_11	0.9995032290114257	0.9998012323593719
out.2.8_12	out.3.3_12	1.0	1.0
out.2.8_13	out.3.3_13	1.0	1.0
out.2.8_14	out.3.3_14	1.0	1.0
out.2.8_15	out.3.3_15	0.9915611814345991	1.0
out.2.8_16	out.3.3_17	0.972972972972973	1.0
out.2.8_17	out.3.3_16	0.875	1.0
out.2.8_18	out.3.3_18	0.9743589743589743	1.0
out.2.8_19	out.3.3_19	0.8974358974358975	1.0
out.2.8_20	out.3.3_20	0.9285714285714286	1.0
out.2.8_21	out.3.3_21	1.0	1.0
out.2.8_22	out.3.3_24	1.0	1.0
out.2.8_23	out.3.3_22	0.8095238095238095	1.0
out.2.8_24	out.3.3_25	1.0	1.0
out.2.8_25	out.3.3_26	1.0	1.0
out.2.8_26	out.3.3_28	1.0	1.0
out.2.8_27	out.3.3_29	1.0	1.0
out.2.8_28	out.3.3_31	1.0	1.0
out.2.8_1	out.3.8_1	0.9993157995566381	1.0
out.2.8_2	out.3.8_2	0.9954840369280018	0.999942579885734
out.2.8_2	out.3.8_16	0.003143845208494098	0.9649122807017544
out.2.8_2	out.3.8_26	0.0005430898956695727	1.0
out.2.8_2	out.3.8_28	0.00020008575103615836	1.0
out.2.8_3	out.3.8_3	0.9993667971448308	1.0
out.2.8_3	out.3.8_31	0.00011512779184895233	1.0
out.2.8_4	out.3.8_4	0.9995792004809138	0.999849673792129
out.2.8_4	out.3.8_35	6.012325266796934e-05	1.0
out.2.8_5	out.3.8_5	0.9997799618600557	0.9999266431924883
out.2.8_6	out.3.8_6	0.999815625720212	0.9999539000553199
out.2.8_7	out.3.8_7	0.998280731916984	0.999631087063453
out.2.8_7	out.3.8_32	0.00018444512757454656	0.75
out.2.8_8	out.3.8_8	0.9986862632400033	0.9999177902005919
out.2.8_8	out.3.8_38	8.211528986697323e-05	1.0
out.2.8_9	out.3.8_9	0.9983037910270546	0.9992359932088285
out.2.8_10	out.3.8_10	0.9986438839164633	0.999457111834962
out.2.8_10	out.3.8_27	0.0007236544549977386	1.0
out.2.8_10	out.3.8_37	9.045680687471733e-05	1.0
out.2.8_11	out.3.8_11	0.9963231640663818	0.999900269272963
out.2.8_11	out.3.8_21	0.003278688524590164	0.9166666666666666
out.2.8_12	out.3.8_12	0.9997901804448175	1.0
out.2.8_13	out.3.8_13	1.0	1.0
out.2.8_14	out.3.8_14	1.0	1.0
out.2.8_15	out.3.8_15	0.9915611814345991	1.0
out.2.8_16	out.3.8_18	0.935064935064935	1.0
out.2.8_17	out.3.8_17	0.8641975308641975	1.0
out.2.8_18	out.3.8_20	0.9743589743589743	1.0
out.2.8_19	out.3.8_19	0.7954545454545454	1.0
out.2.8_20	out.3.8_22	0.8666666666666667	1.0
out.2.8_21	out.3.8_24	0.9565217391304348	1.0
out.2.8_22	out.3.8_25	0.8181818181818182	1.0
out.2.8_23	out.3.8_23	0.7083333333333334	1.0
out.2.8_24	out.3.8_29	1.0	1.0
out.2.8_25	out.3.8_30	1.0	1.0
out.2.8_26	out.3.8_33	1.0	1.0
out.2.8_27	out.3.8_34	1.0	1.0
out.2.8_28	out.3.8_36	1.0	1.0
out.2.8_1	out.4.3_1	0.9992884315389037	1.0
out.2.8_2	out.4.3_2	0.9951414689911403	0.9998564249820531
out.2.8_2	out.4.3_16	0.003172425619480408	0.9652173913043478
out.2.8_2	out.4.3_26	0.0005430898956695727	1.0
out.2.8_2	out.4.3_28	0.00020008575103615836	1.0
out.2.8_3	out.4.3_3	0.9991941054570573	1.0
out.2.8_3	out.4.3_31	0.00011512779184895233	1.0
out.2.8_4	out.4.3_4	0.9993688766003486	0.9997294209608563
out.2.8_4	out.4.3_36	6.012325266796934e-05	1.0
out.2.8_5	out.4.3_5	0.9994133607098336	0.9997799295774648
out.2.8_5	out.4.3_33	0.00011003521126760564	1.0
out.2.8_6	out.4.3_6	0.9996773598820059	0.9999077958600341
out.2.8_7	out.4.3_7	0.9977292254817725	0.9995696015740285
out.2.8_7	out.4.3_32	0.00018444512757454656	0.75
out.2.8_8	out.4.3_8	0.9981936119550046	0.9999177496298733
out.2.8_8	out.4.3_39	8.211528986697323e-05	1.0
out.2.8_9	out.4.3_9	0.9977951153324288	0.9989811512990321
out.2.8_10	out.4.3_10	0.9982828739267962	0.9991858887381275
out.2.8_10	out.4.3_27	0.0007235235597359139	0.8
out.2.8_10	out.4.3_38	9.045680687471733e-05	1.0
out.2.8_11	out.4.3_11	0.9961244161780781	0.9999002493765586
out.2.8_11	out.4.3_21	0.0033780427223050174	0.918918918918919
out.2.8_12	out.4.3_12	0.9995803608896349	1.0
out.2.8_13	out.4.3_13	1.0	1.0
out.2.8_14	out.4.3_14	1.0	1.0
out.2.8_15	out.4.3_15	0.9915611814345991	1.0
out.2.8_16	out.4.3_18	0.9113924050632911	1.0
out.2.8_17	out.4.3_17	0.8536585365853658	1.0
out.2.8_18	out.4.3_20	0.9743589743589743	1.0
out.2.8_19	out.4.3_19	0.7954545454545454	1.0
out.2.8_20	out.4.3_22	0.8387096774193549	1.0
out.2.8_21	out.4.3_24	0.9166666666666666	1.0
out.2.8_22	out.4.3_25	0.782608695652174	1.0
out.2.8_23	out.4.3_23	0.7083333333333334	1.0
out.2.8_24	out.4.3_29	1.0	1.0
out.2.8_25	out.4.3_30	1.0	1.0
out.2.8_26	out.4.3_34	1.0	1.0
out.2.8_27	out.4.3_35	1.0	1.0
out.2.8_28	out.4.3_37	1.0	1.0
out.2.8_1	out.4.8_1	0.9989600722476123	0.9999452129845227
out.2.8_2	out.4.8_2	0.994827093455273	0.9998563796173953
out.2.8_2	out.4.8_17	0.0032293095564700502	0.9416666666666667
out.2.8_2	out.4.8_27	0.0005430588504301598	0.9047619047619048
out.2.8_2	out.4.8_29	0.00020008575103615836	1.0
out.2.8_3	out.4.8_3	0.9991077596131707	1.0
out.2.8_3	out.4.8_31	0.00014390973981119043	1.0
out.2.8_4	out.4.8_4	0.9993088111551869	0.9996693121693122
out.2.8_4	out.4.8_37	6.012325266796934e-05	1.0
out.2.8_5	out.4.8_5	0.9954887218045113	0.9999631580886417
out.2.8_5	out.4.8_16	0.004252667082157129	0.8992248062015504
out.2.8_5	out.4.8_34	0.00011003521126760564	1.0
out.2.8_6	out.4.8_6	0.9995390855457227	0.999907783105865
out.2.8_7	out.4.8_7	0.9972396025027604	0.9995696015740285
out.2.8_7	out.4.8_33	0.00018443378827001107	0.6
out.2.8_8	out.4.8_8	0.9978651777650054	0.999917722560474
out.2.8_8	out.4.8_40	8.211528986697323e-05	1.0
out.2.8_9	out.4.8_9	0.9972019671019162	0.9988110403397028
out.2.8_10	out.4.8_10	0.9981024667931688	0.9991858887381275
out.2.8_10	out.4.8_28	0.0007235235597359139	0.8
out.2.8_10	out.4.8_39	9.045680687471733e-05	1.0
out.2.8_11	out.4.8_11	0.9959256682897745	0.9999002294722139
out.2.8_11	out.4.8_22	0.0033780427223050174	0.918918918918919
out.2.8_12	out.4.8_12	0.9995803608896349	1.0
out.2.8_13	out.4.8_13	0.9948320413436692	1.0
out.2.8_14	out.4.8_14	1.0	1.0
out.2.8_15	out.4.8_15	0.9915611814345991	1.0
out.2.8_16	out.4.8_19	0.9113924050632911	1.0
out.2.8_17	out.4.8_18	0.8536585365853658	1.0
out.2.8_18	out.4.8_21	0.8837209302325582	1.0
out.2.8_19	out.4.8_20	0.7954545454545454	1.0
out.2.8_20	out.4.8_23	0.7428571428571429	1.0
out.2.8_21	out.4.8_24	0.8461538461538461	1.0
out.2.8_22	out.4.8_26	0.782608695652174	1.0
out.2.8_23	out.4.8_25	0.68	1.0
out.2.8_24	out.4.8_30	1.0	1.0
out.2.8_25	out.4.8_32	1.0	1.0
out.2.8_26	out.4.8_35	1.0	1.0
out.2.8_27	out.4.8_36	1.0	1.0
out.2.8_28	out.4.8_38	1.0	1.0
out.3.3_1	out.3.8_1	0.9996988364134155	1.0
out.3.3_2	out.3.8_2	0.9961103961103961	0.999942579885734
out.3.3_2	out.3.8_16	0.003231895664111658	0.9912280701754386
out.3.3_2	out.3.8_27	0.00020020592609541242	0.875
out.3.3_2	out.3.8_28	0.00020021165231816492	1.0
out.3.3_3	out.3.8_3	0.9996832983042063	1.0
out.3.3_4	out.3.8_4	0.999729461628641	0.9999098042752773
out.3.3_4	out.3.8_35	6.012506012506013e-05	1.0
out.3.3_5	out.3.8_5	0.9998899728599722	1.0
out.3.3_6	out.3.8_6	0.9999078043608537	0.9999539000553199
out.3.3_7	out.3.8_7	0.999140154772141	0.9998770743700062
out.3.3_8	out.3.8_8	0.9994248623777833	1.0
out.3.3_8	out.3.8_38	8.216251745953496e-05	1.0
out.3.3_9	out.3.8_9	0.9992364469330618	0.9996604990663724
out.3.3_10	out.3.8_10	0.9996381400398046	0.9998190372783207
out.3.3_10	out.3.8_37	9.048136083966703e-05	1.0
out.3.3_11	out.3.8_11	0.9962241653418124	0.999900269272963
out.3.3_11	out.3.8_21	0.0034777424483306836	0.9722222222222222
out.3.3_12	out.3.8_12	0.9997901804448175	1.0
out.3.3_13	out.3.8_13	1.0	1.0
out.3.3_14	out.3.8_14	1.0	1.0
out.3.3_15	out.3.8_15	1.0	1.0
out.3.3_16	out.3.8_17	0.9876543209876543	1.0
out.3.3_17	out.3.8_18	0.961038961038961	1.0
out.3.3_18	out.3.8_20	1.0	1.0
out.3.3_19	out.3.8_19	0.8863636363636364	1.0
out.3.3_20	out.3.8_22	0.9333333333333333	1.0
out.3.3_21	out.3.8_24	0.9565217391304348	1.0
out.3.3_22	out.3.8_23	0.875	1.0
out.3.3_23	out.3.8_26	1.0	1.0
out.3.3_24	out.3.8_25	0.8181818181818182	1.0
out.3.3_25	out.3.8_29	1.0	1.0
out.3.3_26	out.3.8_30	1.0	1.0
out.3.3_27	out.3.8_31	1.0	1.0
out.3.3_28	out.3.8_33	1.0	1.0
out.3.3_29	out.3.8_34	1.0	1.0
out.3.3_30	out.3.8_32	0.75	1.0
out.3.3_31	out.3.8_36	1.0	1.0
out.3.3_1	out.4.3_1	0.9996714579055441	1.0
out.3.3_2	out.4.3_2	0.9957675589110043	0.9998564249820531
out.3.3_2	out.4.3_16	0.0032604965106967166	0.991304347826087
out.3.3_2	out.4.3_27	0.00025740761926553026	0.9
out.3.3_2	out.4.3_28	0.00020021165231816492	1.0
out.3.3_3	out.4.3_3	0.9995105519246826	1.0
out.3.3_4	out.4.3_4	0.9995191007183433	0.9997895496362215
out.3.3_4	out.4.3_36	6.012506012506013e-05	1.0
out.3.3_5	out.4.3_5	0.9995233206218832	0.999853281003558
out.3.3_5	out.4.3_33	0.00011003924733154825	1.0
out.3.3_6	out.4.3_6	0.9997695215266894	0.9999077958600341
out.3.3_7	out.4.3_7	0.9985880908532843	0.9998156115550092
out.3.3_8	out.4.3_8	0.9989318872730261	1.0
out.3.3_8	out.4.3_39	8.216251745953496e-05	1.0
out.3.3_9	out.4.3_9	0.9987275195113675	0.99957547970793
out.3.3_10	out.4.3_10	0.9992765418701393	0.9998190372783207
out.3.3_10	out.4.3_38	9.048136083966703e-05	1.0
out.3.3_11	out.4.3_11	0.9960254372019078	0.9999002493765586
out.3.3_11	out.4.3_21	0.003577106518282989	0.972972972972973
out.3.3_12	out.4.3_12	0.9995803608896349	1.0
out.3.3_13	out.4.3_13	1.0	1.0
out.3.3_14	out.4.3_14	1.0	1.0
out.3.3_15	out.4.3_15	1.0	1.0
out.3.3_16	out.4.3_17	0.975609756097561	1.0
out.3.3_17	out.4.3_18	0.9367088607594937	1.0
out.3.3_18	out.4.3_20	1.0	1.0
out.3.3_19	out.4.3_19	0.8863636363636364	1.0
out.3.3_20	out.4.3_22	0.9032258064516129	1.0
out.3.3_21	out.4.3_24	0.9166666666666666	1.0
out.3.3_22	out.4.3_23	0.875	1.0
out.3.3_23	out.4.3_26	1.0	1.0
out.3.3_24	out.4.3_25	0.782608695652174	1.0
out.3.3_25	out.4.3_29	1.0	1.0
out.3.3_26	out.4.3_30	1.0	1.0
out.3.3_27	out.4.3_31	1.0	1.0
out.3.3_28	out.4.3_34	1.0	1.0
out.3.3_29	out.4.3_35	1.0	1.0
out.3.3_30	out.4.3_32	0.75	1.0
out.3.3_31	out.4.3_37	1.0	1.0
out.3.3_1	out.4.8_1	0.9993429517890875	0.9999452129845227
out.3.3_2	out.4.8_2	0.9954529855868223	0.9998563796173953
out.3.3_2	out.4.8_17	0.0033174135613578517	0.9666666666666667
out.3.3_2	out.4.8_28	0.00025740761926553026	0.9
out.3.3_2	out.4.8_29	0.00020021165231816492	1.0
out.3.3_3	out.4.8_3	0.9994241787349207	1.0
out.3.3_4	out.4.8_4	0.9994590208276981	0.9997294372294372
out.3.3_4	out.4.8_37	6.012506012506013e-05	1.0
out.3.3_5	out.4.8_5	0.9954520447460113	0.9999263161772832
out.3.3_5	out.4.8_16	0.0043264647649776345	0.9147286821705426
out.3.3_5	out.4.8_34	0.00011003924733154825	1.0
out.3.3_6	out.4.8_6	0.9996312344427031	0.999907783105865
out.3.3_7	out.4.8_7	0.998097926125905	0.9998156115550092
out.3.3_8	out.4.8_8	0.9986032372031879	1.0
out.3.3_8	out.4.8_40	8.216251745953496e-05	1.0
out.3.3_9	out.4.8_9	0.9981340118744699	0.9994055201698514
out.3.3_10	out.4.8_10	0.9990958408679927	0.9998190372783207
out.3.3_10	out.4.8_39	9.048136083966703e-05	1.0
out.3.3_11	out.4.8_11	0.9958267090620032	0.9999002294722139
out.3.3_11	out.4.8_22	0.003577106518282989	0.972972972972973
out.3.3_12	out.4.8_12	0.9995803608896349	1.0
out.3.3_13	out.4.8_13	0.9948320413436692	1.0
out.3.3_14	out.4.8_14	1.0	1.0
out.3.3_15	out.4.8_15	1.0	1.0
out.3.3_16	out.4.8_18	0.975609756097561	1.0
out.3.3_17	out.4.8_19	0.9367088607594937	1.0
out.3.3_18	out.4.8_21	0.9069767441860465	1.0
out.3.3_19	out.4.8_20	0.8863636363636364	1.0
out.3.3_20	out.4.8_23	0.8	1.0
out.3.3_21	out.4.8_24	0.8461538461538461	1.0
out.3.3_22	out.4.8_25	0.84	1.0
out.3.3_23	out.4.8_27	0.9047619047619048	1.0
out.3.3_24	out.4.8_26	0.782608695652174	1.0
out.3.3_25	out.4.8_30	1.0	1.0
out.3.3_26	out.4.8_32	1.0	1.0
out.3.3_27	out.4.8_31	0.8	1.0
out.3.3_28	out.4.8_35	1.0	1.0
out.3.3_29	out.4.8_36	1.0	1.0
out.3.3_30	out.4.8_33	0.6	1.0
out.3.3_31	out.4.8_38	1.0	1.0
out.3.8_1	out.4.3_1	0.9999726132442351	1.0
out.3.8_2	out.4.3_2	0.999655508985474	0.9999138549892319
out.3.8_3	out.4.3_3	0.9998271988940729	1.0
out.3.8_4	out.4.3_4	0.9997895686156621	0.9999098042752773
out.3.8_5	out.4.3_5	0.9996333235552948	0.9998532971466295
out.3.8_5	out.4.3_33	0.00011002714002787354	1.0
out.3.8_6	out.4.3_6	0.9998617065412806	0.9999538979300171
out.3.8_7	out.4.3_7	0.9994474459724951	0.999938574938575
out.3.8_8	out.4.3_8	0.9995067412035514	1.0
out.3.8_9	out.4.3_9	0.9994907918187219	0.999915095941586
out.3.8_10	out.4.3_10	0.9996382054992764	1.0
out.3.8_11	out.4.3_11	0.999800538545926	1.0
out.3.8_12	out.4.3_12	0.9997901364113326	1.0
out.3.8_13	out.4.3_13	1.0	1.0
out.3.8_14	out.4.3_14	1.0	1.0
out.3.8_15	out.4.3_15	1.0	1.0
out.3.8_16	out.4.3_16	0.991304347826087	1.0
out.3.8_17	out.4.3_17	0.9878048780487805	1.0
out.3.8_18	out.4.3_18	0.9746835443037974	1.0
out.3.8_19	out.4.3_19	1.0	1.0
out.3.8_20	out.4.3_20	1.0	1.0
out.3.8_21	out.4.3_21	0.972972972972973	1.0
out.3.8_22	out.4.3_22	0.967741935483871	1.0
out.3.8_23	out.4.3_23	1.0	1.0
out.3.8_24	out.4.3_24	0.9583333333333334	1.0
out.3.8_25	out.4.3_25	0.9565217391304348	1.0
out.3.8_26	out.4.3_26	1.0	1.0
out.3.8_27	out.4.3_27	0.8	1.0
out.3.8_28	out.4.3_28	1.0	1.0
out.3.8_29	out.4.3_29	1.0	1.0
out.3.8_30	out.4.3_30	1.0	1.0
out.3.8_31	out.4.3_31	1.0	1.0
out.3.8_32	out.4.3_32	1.0	1.0
out.3.8_33	out.4.3_34	1.0	1.0
out.3.8_34	out.4.3_35	1.0	1.0
out.3.8_35	out.4.3_36	1.0	1.0
out.3.8_36	out.4.3_37	1.0	1.0
out.3.8_37	out.4.3_38	1.0	1.0
out.3.8_38	out.4.3_39	1.0	1.0
out.3.8_1	out.4.8_1	0.9996439916748823	0.9999452129845227
out.3.8_2	out.4.8_2	0.9993397255554918	0.9999138277704371
out.3.8_3	out.4.8_3	0.9997407983411094	1.0
out.3.8_4	out.4.8_4	0.999729461628641	0.9999098042752773
out.3.8_5	out.4.8_5	0.9954157039644992	0.9999631580886417
out.3.8_5	out.4.8_16	0.004399633363886343	0.9302325581395349
out.3.8_5	out.4.8_34	0.00011002714002787354	1.0
out.3.8_6	out.4.8_6	0.9997234130825612	0.9999538915529325
out.3.8_7	out.4.8_7	0.9989567992145312	0.999938574938575
out.3.8_8	out.4.8_8	0.9991779020059192	1.0
out.3.8_9	out.4.8_9	0.9988969028425965	0.9997452229299363
out.3.8_10	out.4.8_10	0.9994574064026045	1.0
out.3.8_11	out.4.8_11	0.999601077091852	1.0
out.3.8_12	out.4.8_12	0.9997901364113326	1.0
out.3.8_13	out.4.8_13	0.9948320413436692	1.0
out.3.8_14	out.4.8_14	1.0	1.0
out.3.8_15	out.4.8_15	1.0	1.0
out.3.8_16	out.4.8_17	0.95	1.0
out.3.8_17	out.4.8_18	0.9878048780487805	1.0
out.3.8_18	out.4.8_19	0.9746835443037974	1.0
out.3.8_19	out.4.8_20	1.0	1.0
out.3.8_20	out.4.8_21	0.9069767441860465	1.0
out.3.8_21	out.4.8_22	0.972972972972973	1.0
out.3.8_22	out.4.8_23	0.8571428571428571	1.0
out.3.8_23	out.4.8_25	0.96	1.0
out.3.8_24	out.4.8_24	0.8846153846153846	1.0
out.3.8_25	out.4.8_26	0.9565217391304348	1.0
out.3.8_26	out.4.8_27	0.9047619047619048	1.0
out.3.8_27	out.4.8_28	0.8	1.0
out.3.8_28	out.4.8_29	1.0	1.0
out.3.8_29	out.4.8_30	1.0	1.0
out.3.8_30	out.4.8_32	1.0	1.0
out.3.8_31	out.4.8_31	0.8	1.0
out.3.8_32	out.4.8_33	0.8	1.0
out.3.8_33	out.4.8_35	1.0	1.0
out.3.8_34	out.4.8_36	1.0	1.0
out.3.8_35	out.4.8_37	1.0	1.0
out.3.8_36	out.4.8_38	1.0	1.0
out.3.8_37	out.4.8_39	1.0	1.0
out.3.8_38	out.4.8_40	1.0	1.0
out.4.3_1	out.4.8_1	0.9996713679309873	0.9999452129845227
out.4.3_2	out.4.8_2	0.9996841349605169	1.0
out.4.3_3	out.4.8_3	0.999913584514345	1.0
out.4.3_4	out.4.8_4	0.9999398749398749	1.0
out.4.3_5	out.4.8_5	0.9954158720844947	1.0
out.4.3_5	out.4.8_16	0.004583455558814902	0.9689922480620154
out.4.3_6	out.4.8_6	0.9998616937900512	1.0
out.4.3_7	out.4.8_7	0.9995090518563977	1.0
out.4.3_8	out.4.8_8	0.9996709985194934	1.0
out.4.3_9	out.4.8_9	0.9994057724957556	0.9998301486199576
out.4.3_10	out.4.8_10	0.9998191354675349	1.0
out.4.3_11	out.4.8_11	0.9998004987531172	1.0
out.4.3_12	out.4.8_12	1.0	1.0
out.4.3_13	out.4.8_13	0.9948320413436692	1.0
out.4.3_14	out.4.8_14	1.0	1.0
out.4.3_15	out.4.8_15	1.0	1.0
out.4.3_16	out.4.8_17	0.9583333333333334	1.0
out.4.3_17	out.4.8_18	1.0	1.0
out.4.3_18	out.4.8_19	1.0	1.0
out.4.3_19	out.4.8_20	1.0	1.0
out.4.3_20	out.4.8_21	0.9069767441860465	1.0
out.4.3_21	out.4.8_22	1.0	1.0
out.4.3_22	out.4.8_23	0.8857142857142857	1.0
out.4.3_23	out.4.8_25	0.96	1.0
out.4.3_24	out.4.8_24	0.9230769230769231	1.0
out.4.3_25	out.4.8_26	1.0	1.0
out.4.3_26	out.4.8_27	0.9047619047619048	1.0
out.4.3_27	out.4.8_28	1.0	1.0
out.4.3_28	out.4.8_29	1.0	1.0
out.4.3_29	out.4.8_30	1.0	1.0
out.4.3_30	out.4.8_32	1.0	1.0
out.4.3_31	out.4.8_31	0.8	1.0
out.4.3_32	out.4.8_33	0.8	1.0
out.4.3_33	out.4.8_34	1.0	1.0
out.4.3_34	out.4.8_35	1.0	1.0
out.4.3_35	out.4.8_36	1.0	1.0
out.4.3_36	out.4.8_37	1.0	1.0
out.4.3_37	out.4.8_38	1.0	1.0
out.4.3_38	out.4.8_39	1.0	1.0
out.4.3_39	out.4.8_40	1.0	1.0
